"","name","target","description","GTEX.S32W.1126.SM.4AD5V.1","GTEX.U3ZM.0826.SM.4DXU6.1","GTEX.RN64.2426.SM.EZ6L2.1","GTEX.T5JW.1026.SM.EZ6LR.1","GTEX.OIZF.1926.SM.7PBZS.1","GTEX.SNOS.0526.SM.4DM54.1","GTEX.QEL4.1826.SM.EZ6KU.1","GTEX.S95S.0626.SM.EZ6L8.1","GTEX.S4Q7.0926.SM.4AD5D.1","GTEX.SE5C.1026.SM.4BRUG.1","GTEX.U4B1.1226.SM.4DXT7.1","GTEX.U3ZN.1226.SM.4DXUD.1","GTEX.S3XE.1226.SM.4AD4L.1","GTEX.S4UY.0926.SM.4AD6O.1","GTEX.TMMY.1526.SM.4DXST.1","GTEX.SNMC.0826.SM.4DM66.1","GTEX.T2YK.2326.SM.EZ6LA.1","GTEX.S33H.1926.SM.EYYVH.1","GTEX.RU72.2526.SM.EWRML.1","GTEX.T6MN.2226.SM.EVYAM.1","GTEX.P44H.2226.SM.E9U4P.1"
"1","SET","ENSG00000119335","SET nuclear proto-oncogene [Source:HGNC Symbol;Acc:HGNC:10760]",91.3862685489725,73.0285767819775,67.4624333997911,89.8977743239184,119.350960031475,81.1950442607482,99.0379786162319,78.9633091237085,78.5537156797768,94.8504488001992,92.0606144162085,73.1336771028319,83.8068198693018,76.3972641124634,108.064687338476,83.0243334426005,167.359171870469,66.2623826963832,74.1345988534779,72.6967443800357,63.9707295450396
"2","HOXA9","ENSG00000078399","homeobox A9 [Source:HGNC Symbol;Acc:HGNC:5109]",12.5188821302999,11.0934311772926,20.2600708349576,21.9771853303192,14.5322205838887,46.0937667180162,13.0809532489427,9.76899328450172,22.0188351219029,15.1086945514597,18.2744716807365,29.1640450961937,27.5787164659303,38.0688077638505,23.2681455826766,37.1893727322255,11.3769547603091,12.2982217510766,4.46649778367863,10.0183842900875,18.6845594603294
"3","HOXA10","ENSG00000253293","homeobox A10 [Source:HGNC Symbol;Acc:HGNC:5100]",17.7867538430862,24.7166002484452,21.8393492707391,25.0633936789829,21.0601108457142,25.8377469805251,22.3164185838762,23.8918907816827,28.6428603113232,27.3783808754925,33.2135040894754,21.2002541382921,24.5832500209342,28.624256636366,26.5600258864919,27.9432396149285,11.2532237344207,19.8786346678825,6.35994335728655,21.3635929623602,14.3800070708948
"4","KMT2A","ENSG00000118058","lysine methyltransferase 2A [Source:HGNC Symbol;Acc:HGNC:7132]",14.1408883162387,15.3210854139717,7.19845696259883,9.71468862913371,12.8614111509878,14.3113939529654,13.718561759751,18.0539417048791,16.6506813919508,10.44665407589,16.7889554959228,12.9826381697295,16.0857930829622,14.2190690546075,21.2360124505079,12.4802038043792,7.55225972955978,10.0095738836194,4.50711310351932,9.10526847293379,16.9507797820106
"5","PHF8","ENSG00000172943","PHD finger protein 8 [Source:HGNC Symbol;Acc:HGNC:20672]",14.8235939754903,9.97966203993206,8.16463951821063,16.5160992388218,11.6541386217892,22.8450803311831,14.7670948592703,14.0478060798868,18.4138933183455,8.43619769129265,14.2805424816963,26.6639176871113,25.1701310181046,21.6055180355002,14.3119042767588,20.3594050338644,9.35160025494983,12.3479118827352,5.2801188582476,11.7609391437096,20.0270497711058
"6","PHF6","ENSG00000156531","PHD finger protein 6 [Source:HGNC Symbol;Acc:HGNC:18145]",4.88282456157349,3.35667499943192,4.04755332531318,5.52338773037376,5.42220676204984,10.1454140186126,4.47565177181124,4.79204974593695,6.42172120832403,3.94417555293491,5.31039786902625,8.3213726273619,6.31312566593977,7.61760574375525,4.25863034226819,9.41369521383178,5.98340558693749,7.46190236883582,4.50480923134871,6.32478789982609,4.70118205370973
"7","HMGA1","ENSG00000137309","high mobility group AT-hook 1 [Source:HGNC Symbol;Acc:HGNC:5010]",10.8151000688531,9.75457082138881,13.0399550132022,24.2184215639206,37.445832117828,80.3762182793445,14.8528814797884,7.46631273940288,30.5600927196366,15.1281728856472,24.8990034449172,59.2530708429214,58.6868189421718,52.2183506630158,22.2174310481898,88.7177897914954,135.677994032414,17.7273118825743,60.4691767909188,18.6068384066001,13.9567418934739
"8","BMP5","ENSG00000112175","bone morphogenetic protein 5 [Source:HGNC Symbol;Acc:HGNC:1072]",3.57025647045271,3.4526407255703,14.543100218725,40.905470362056,1.0157461776454,31.2264495454241,5.88582954677975,6.50855934613784,15.4388665240223,0.504209833639061,1.15940999358759,48.4899963109055,21.5186421810389,24.1423360173417,1.4621029991272,33.4377344805582,3.90947859344519,33.0856809511753,0.98169178986764,28.6697613274735,2.13250601174644
"9","PDE4D","ENSG00000113448","phosphodiesterase 4D [Source:HGNC Symbol;Acc:HGNC:8783]",27.9109637857503,14.0244302036604,9.59140935216173,9.43551656209878,22.8495939855942,7.43058030540407,9.85949386884286,10.7536129650761,13.1894343050379,10.9480192987322,14.918371218969,5.36771166727208,7.70365669734982,6.39379810386742,17.7159401905528,6.44517051380342,8.86440323543198,7.24746554337236,4.98671497869973,7.37506352917422,9.87765867619962
"10","RUNX1","ENSG00000159216","RUNX family transcription factor 1 [Source:HGNC Symbol;Acc:HGNC:10471]",22.0221598547303,0.777871718865322,4.10706109898185,8.35279664433206,10.3589620543981,17.3224328466002,1.73827466463661,1.12865754418646,9.15483042194322,0.631202249167742,2.50076412640261,14.8384527867413,12.5015379245808,12.1562678718562,1.09352611620866,12.4413039546738,19.3321261848359,7.14356770378132,12.283060802669,2.93856696522672,0.879897155925077
"11","TCF4","ENSG00000196628","transcription factor 4 [Source:HGNC Symbol;Acc:HGNC:11634]",6.63771593401653,5.29507971141245,5.32991436468271,7.58373611508799,7.18521364919222,7.31580716470526,4.79094744739929,5.56295934055444,7.41436171455682,3.62085037525222,7.27663940667982,7.08546965690338,5.50263715122275,5.99756524113352,6.81936439782655,8.68722271453012,6.83144191737849,11.4322344118916,6.06813558578047,10.8448881741182,7.53920027564447
"12","BCL11A","ENSG00000119866","BAF chromatin remodeling complex subunit BCL11A [Source:HGNC Symbol;Acc:HGNC:13221]",1.70093412741568,1.33993090358592,1.36514221562051,0.959176507340297,0.966885806699725,3.87130526217436,0.666891934009361,0.36466181833329,1.52405158916238,0.333097572245755,0.908897052190254,1.57061087681637,1.27416431428198,1.31825184941293,1.61590750566225,1.60123113014799,0.0962508048361037,1.42542340251349,0.296949556338072,0.758550093316718,1.59533496701107
"13","DNTT","ENSG00000107447","DNA nucleotidylexotransferase [Source:HGNC Symbol;Acc:HGNC:2983]",0.068798045576675,0,0,0,0.035096776369646,0,0.0333207251361914,0,0.106690915057243,0.0336821714425553,0,0,0.0331982918282693,0.0345590089613643,0,0,0,0.063389659399395,0,0,0
"14","MYB","ENSG00000118513","MYB proto-oncogene, transcription factor [Source:HGNC Symbol;Acc:HGNC:7545]",0.14819196709689,0.325014684899478,0.360023926064423,0.816237486083344,0.239396689790259,2.97582071883605,0.179433287735034,0.580698700331497,0.561766934746456,0.0967358340938926,0.336350978566427,1.15478516623097,0.822360308117412,0.880880386437017,0.304504975605591,1.20087804632337,0.317959414300952,1.3995578213435,0.0905498829175807,0.774767418330122,0.224525149749489
"15","MYC","ENSG00000136997","MYC proto-oncogene, bHLH transcription factor [Source:HGNC Symbol;Acc:HGNC:7553]",180.380635138301,35.8004479946866,14.0240063834841,52.4364021041043,108.601752646263,42.0672674078484,25.8805103308394,37.2921356537791,72.9825585994972,26.4932445102995,30.9304280191046,24.2520074387006,55.9774751054316,29.4538568065105,49.5039525275962,45.0967697342061,108.048624560006,30.1576779856646,101.732186975847,19.6893496219815,69.8189919708453
"16","CEBPB","ENSG00000172216","CCAAT enhancer binding protein beta [Source:HGNC Symbol;Acc:HGNC:1834]",145.935145872002,68.3897765737775,45.8447434007555,164.690014057115,91.5380628033929,98.4185598548528,73.5692991979382,120.156214143814,190.925465222325,42.9564781376123,85.5401205480742,66.122301347394,87.1889657563031,91.4594631331811,98.4572385649478,115.143523438546,220.41380998825,88.9601924351559,117.736096461699,72.872379732067,60.4257900779667
"17","PARP1","ENSG00000143799","poly(ADP-ribose) polymerase 1 [Source:HGNC Symbol;Acc:HGNC:270]",36.1931076844959,32.5341655514371,30.4993253275156,22.5670195434878,54.7006048881764,28.8689625275074,41.5936722998142,32.1398461381495,40.0597672384971,61.2513365074735,41.9254640148099,32.0768529090303,25.3685888500898,25.1725719485219,36.2064752725698,29.2622056747176,28.8415086921269,23.8535403268392,15.7633035514042,22.3431924546719,21.0360188257331
"18","TAF1A","ENSG00000143498","TATA-box binding protein associated factor, RNA polymerase I subunit A [Source:HGNC Symbol;Acc:HGNC:11532]",3.70221413620002,2.35662109627872,2.51897828424958,2.49518677452731,5.59424430473934,5.20304151573718,2.45130043406062,2.69595021133947,3.6095311674657,2.52377776487706,3.72706162471497,4.1746223804284,2.28399660795166,3.36632203491153,3.30904968921637,3.60562898372492,8.16774244838324,5.07358134004623,3.09258346238096,4.32493243255055,2.55609667890973
"19","ANP32A","ENSG00000140350","acidic nuclear phosphoprotein 32 family member A [Source:HGNC Symbol;Acc:HGNC:13233]",14.8905818645711,14.4188923223978,17.7028859495506,20.9087056500095,12.6788686409467,27.4249796060571,18.822375875143,18.4692757207944,20.6936250654453,15.7336637865049,19.7492739413309,24.5345861374559,20.9661118860814,26.2339159478973,15.3288242851231,31.1418539360298,34.6560523709263,18.0613474397948,14.8214986669589,16.6295740743328,16.5299597810223
"20","ATRIP","ENSG00000164053","ATR interacting protein [Source:HGNC Symbol;Acc:HGNC:33499]",10.2040165907057,6.97880678951002,7.30680253193808,6.70650848725546,7.25123845312765,6.22682372132824,8.59575243662585,10.6459005787932,6.44462668332507,5.83154013035286,8.45656642410026,6.40938050656627,6.01599294304915,7.25979897703804,7.45385842692297,6.08841195485523,9.18078551030646,6.27399942334112,5.19661723591626,5.99273346138279,7.51948985205068
"21","TREX1","ENSG00000213689","three prime repair exonuclease 1 [Source:HGNC Symbol;Acc:HGNC:12269]",11.6816456940589,16.1226513851093,22.0258493276602,22.770894451396,12.4466366159732,27.9019228321961,19.0858934568106,15.089911392611,16.6633960470294,15.8180287689494,15.3847194212834,29.2918635254606,18.1951967615951,28.522877839755,18.8519656454221,28.4422231822443,16.1805820527723,19.5851593441346,14.3660473372819,17.9152551403622,15.9438755226786
"22","NME1","ENSG00000239672","NME/NM23 nucleoside diphosphate kinase 1 [Source:HGNC Symbol;Acc:HGNC:7849]",20.4412240734122,8.19730224752299,12.079650943371,20.3770020317763,28.1835893546593,12.8491048255069,11.6012336448289,4.24419356626191,14.1772509911338,10.1428598296909,13.0910266257896,13.517318829804,12.1108295592439,15.4815112244572,5.66129003036104,19.0392128919004,141.208266551789,20.7068093505318,50.5347597581118,22.3713626637603,3.70688540573902
"23","APEX1","ENSG00000100823","apurinic/apyrimidinic endodeoxyribonuclease 1 [Source:HGNC Symbol;Acc:HGNC:587]",103.946332339639,97.5007865364485,72.3188695801171,134.779844395324,95.3392206343833,131.403526182989,82.6756093506974,92.8051867197833,103.858571083178,109.669007344547,115.987799337975,121.504617061686,116.945084344716,125.496405078578,126.984343190369,148.550775023456,170.751402945756,73.8361139373628,65.9319335718811,67.5975016944855,91.8775127169348
"24","AASDH","ENSG00000157426","aminoadipate-semialdehyde dehydrogenase [Source:HGNC Symbol;Acc:HGNC:23993]",7.56473980557246,4.93208637036513,5.94898151315132,6.14157762311576,7.07871965372762,10.0288853071555,5.50629636608124,6.6205194993924,7.56467778365759,4.63835489418429,6.00243833047112,7.17349525943358,5.85180169701426,7.35098486619012,5.88108468922672,8.83128279701157,4.58995767045826,6.9700567174667,2.92834118782463,5.93722479071,4.97613793248332
"25","ABT1","ENSG00000146109","activator of basal transcription 1 [Source:HGNC Symbol;Acc:HGNC:17369]",14.2156498731963,14.7672790851183,15.3610246605214,17.2731748711599,17.4141897276022,20.9807832589936,13.4580928657226,14.4066218158084,15.6006309288269,15.2257577650967,13.85838571274,16.8002723821999,18.1815865671411,19.504546838592,13.3289850893644,17.9192516221299,14.6696257455501,12.2291528670134,14.3870499273289,10.4783960756659,13.9869752805002
"26","AFF1","ENSG00000172493","ALF transcription elongation factor 1 [Source:HGNC Symbol;Acc:HGNC:7135]",31.4746731793754,29.2398426713349,16.3008302275787,31.713351172178,37.9618217410365,39.207388270118,21.568148672251,30.9903276759753,42.1651482478516,21.6040767835418,33.1541156439125,31.6777593972348,33.3526253761183,39.5834696355228,36.3181317412939,30.5000053831916,17.3930344351228,17.9592655970843,10.2184484080884,18.6649464525986,28.2803438448014
"27","ANAPC7","ENSG00000196510","anaphase promoting complex subunit 7 [Source:HGNC Symbol;Acc:HGNC:17380]",21.8214027941948,17.1259975628383,28.3958705006669,22.7367327926084,27.1936762065608,22.1669378076776,23.6524247864895,21.5947548934782,21.404753123645,21.8861806170317,20.9816244200549,21.2235658680118,17.7040982132949,20.2670500009195,20.2694338890484,21.3157912081304,23.7778851625137,22.9247558638441,15.9009346595125,23.8234576455307,14.446960970361
"28","ARL5B","ENSG00000165997","ADP ribosylation factor like GTPase 5B [Source:HGNC Symbol;Acc:HGNC:23052]",5.53350061352962,4.29739362698585,3.99349166650926,6.23067330608089,6.54021306846032,10.6444419067264,4.30081842067763,3.75365637069803,9.48276048784395,3.60904747847765,4.83717765869925,9.65004580736522,12.6457995781868,12.6432376559015,4.16280798306254,12.7831410072575,7.85077951306851,7.73894718086617,16.3953624553473,8.88831543642642,6.40805157045013
"29","ASB7","ENSG00000183475","ankyrin repeat and SOCS box containing 7 [Source:HGNC Symbol;Acc:HGNC:17182]",7.79277769537391,7.1239267548384,5.04983462345688,6.06913733147879,6.95057937863822,8.02244240118942,5.62484956929388,7.43186236208555,7.57581276384107,6.59658805955334,8.79113391899482,5.91374602041099,6.46543038385954,5.94753052277611,7.50855043983869,7.97813055772096,6.38517620325667,5.10718399814737,3.36386020022584,3.99988479942044,5.64949568865836
"30","BAG5","ENSG00000166170","BAG cochaperone 5 [Source:HGNC Symbol;Acc:HGNC:941]",18.8794837034583,16.1488946367187,12.1935821174039,19.3514949016353,22.7157576155624,18.1455958325925,13.2763271706557,17.7684140280655,19.6916358091107,17.6291629058095,20.3580363762879,14.5677343874083,23.3872927882581,17.8941578618451,19.2705785534746,16.6264831581496,19.1801245526792,13.9921458770647,12.1540309778743,15.1182441472824,12.9469780242379
"31","BET1L","ENSG00000177951","Bet1 golgi vesicular membrane trafficking protein like [Source:HGNC Symbol;Acc:HGNC:19348]",51.6653401440332,39.018120356125,35.4696982083405,59.7284277548584,51.425016231827,42.504518885249,34.196264231316,51.6200948372314,47.4312281483439,41.5046903099188,47.9949402716302,48.7662293682347,44.175013489337,43.9418335019377,49.4741181328242,38.5116807614847,43.2434983917377,49.8660294885837,29.6402564200298,47.7894612591439,48.2705369504624
"32","BRCA1","ENSG00000012048","BRCA1 DNA repair associated [Source:HGNC Symbol;Acc:HGNC:1100]",1.85515680307317,1.38641759873527,1.71783104130319,0.739839108962732,1.28771575186688,1.48386656295749,1.87065135306172,1.94733352887139,1.34414768169629,1.79416267007591,1.92999412950834,1.67638200268515,1.2327349573569,1.45130794414301,1.60205323015775,1.9092937700446,1.03902215207097,1.54819402836635,0.685709844704677,1.05769650435784,0.767962245369713
"33","C4orf36","ENSG00000163633","chromosome 4 open reading frame 36 [Source:HGNC Symbol;Acc:HGNC:28386]",4.8784472189241,1.88741992144106,1.70038933083149,1.80790020607089,2.06187900401288,2.78131459552661,1.40892924221031,1.68703182559102,2.18246018069784,1.26036512494723,1.87912845529838,2.72404975011075,1.77642988660429,2.62514691297486,1.44268227617864,2.47587663849233,2.00122987047552,1.92132012811844,0.934376853505898,1.28740125176033,1.79419879153705
"34","C4orf46","ENSG00000205208","chromosome 4 open reading frame 46 [Source:HGNC Symbol;Acc:HGNC:27320]",3.00073834714994,3.26496918664488,3.0651651624187,2.52093561650814,2.67194675392376,2.93364243434711,2.20202647347753,2.91121141832951,2.31264714858129,2.27933484901985,3.32860863747544,2.82836494161384,2.93109765631446,2.57619344764752,1.99755412427673,3.86733110974986,3.00756885419784,3.75348357468847,3.66708818735186,3.85282201084336,2.81050710573151
"35","CCDC174","ENSG00000154781","coiled-coil domain containing 174 [Source:HGNC Symbol;Acc:HGNC:28033]",14.1926730782676,13.6271925192447,15.7802936471075,16.7763468066158,15.2201572628618,20.2106774883036,14.2282120010682,16.5279402756953,14.7126251810734,13.5046563631192,15.9610608616852,18.2887656451245,12.7951594157245,15.4660700498175,16.0781990095247,17.3881905570881,15.7925574161038,15.6607041376583,10.0848862612649,12.8698655558045,18.5167056980153
"36","CCDC184","ENSG00000177875","coiled-coil domain containing 184 [Source:HGNC Symbol;Acc:HGNC:33749]",2.89521438064881,0.598694052365136,3.13881454970595,10.2590856289867,1.27019472857042,2.68109162583231,2.74836963590261,2.34625561731726,2.84357320057247,2.29625292738465,2.52336447326045,5.10114810225804,3.54857575699491,3.69402323530513,0.6489915147641,3.77445849564247,3.41179251564169,8.08287147368522,1.35864244299792,6.94965899797895,1.08201062171565
"37","CDK8","ENSG00000132964","cyclin dependent kinase 8 [Source:HGNC Symbol;Acc:HGNC:1779]",27.8203506596696,14.6877182052467,18.6379256589642,11.6166189988727,45.9123370613936,19.2061867934653,15.6377986753916,14.3101304911237,13.7170702156656,17.6472491689191,21.5776815240152,12.4935929183501,12.508680973458,10.9410423124896,20.1785091128838,14.1165478780617,21.7208159302504,9.0449769739727,11.8372754884511,9.44872730215609,10.5158429061091
"38","CDKN2C","ENSG00000123080","cyclin dependent kinase inhibitor 2C [Source:HGNC Symbol;Acc:HGNC:1789]",11.2649231432096,10.5883860861557,11.9763802256217,5.40517481742713,8.5522741502068,5.39473962492353,15.5458556134198,16.4657718603961,13.6542934481015,16.3750982595841,15.7027248621108,6.78173334412605,7.6950398671746,7.80504489309462,19.6833082474423,6.92548180546998,5.4663233985242,6.53654757270278,1.33416983457197,10.0752251944027,8.63181231474631
"39","CEP192","ENSG00000101639","centrosomal protein 192 [Source:HGNC Symbol;Acc:HGNC:25515]",5.85787459473834,10.5227085836414,4.00101291531118,7.17000452059222,4.59960960454699,12.5186646092679,5.14332534346443,10.3916075289109,10.1219983954594,7.14459376024904,10.1438468131932,8.5512062855526,8.90658432590268,10.8065926779863,5.9972656297903,10.6744516783478,3.05310255467517,6.73566830088338,1.78339187897714,4.36064604837332,6.73342253919047
"40","CEP192-DT","ENSG00000266969","CEP192 divergent transcript [Source:HGNC Symbol;Acc:HGNC:55313]",15.7422700912367,11.5684363409542,12.5165280118473,11.9551956899343,35.7735369941577,10.260184041364,11.090037125497,13.6021593629359,10.8008420309286,11.490594622251,11.5376049341467,10.424147988894,9.25377871206381,11.5021714214026,11.7091624149511,8.56400273736351,21.5413633186287,7.12050427228141,14.4809894404104,9.10859842298402,12.5760136355993
"41","CEP290","ENSG00000198707","centrosomal protein 290 [Source:HGNC Symbol;Acc:HGNC:29021]",6.14484168610166,7.16911345415903,6.81779064199427,5.71287337825186,6.81581559395105,10.9629296079245,6.79982722528034,8.04898952116305,7.6896200050505,5.19195692845513,6.02578671043427,8.54883412143766,9.14446117493632,9.63735918096741,5.07203924495068,9.68555780183231,7.17145940802791,7.7796832873479,4.60138888234969,6.45994486758614,7.2290412320896
"42","CEPT1","ENSG00000134255","choline/ethanolamine phosphotransferase 1 [Source:HGNC Symbol;Acc:HGNC:24289]",9.61121699070642,5.78266722312668,7.00056344665954,9.62245972564376,8.15261445547764,15.5196513768827,6.9512110153366,9.07536767069208,10.7368792752024,5.96867455319715,8.45936344243701,13.1986207671229,11.3378657879651,13.2039814626234,7.12125668515821,13.0966376275994,7.78505465984993,10.7426824232312,4.88936109804358,7.36062480702383,7.89178012532953
"43","CHEK1","ENSG00000149554","checkpoint kinase 1 [Source:HGNC Symbol;Acc:HGNC:1925]",1.14816573592327,0.95281638068541,2.05435770642759,0.997037574253794,1.10813335088425,1.46257426776483,1.37268380385697,1.36604533959355,1.15495599904602,0.9925711686951,1.48752681997579,1.24215447586559,0.978311845923148,1.17428961892567,1.4375785511394,2.65281485917547,2.26375175867927,1.7250532104868,0.985983011476292,1.06276902525132,1.43136780113882
"44","CHERP","ENSG00000085872","calcium homeostasis endoplasmic reticulum protein [Source:HGNC Symbol;Acc:HGNC:16930]",31.481684038412,28.391495979435,20.7753531416996,20.9339445312805,27.5575317952384,28.0107388222335,26.0125138759918,26.6119214799553,26.5359312193707,26.9683498861889,30.4292400058431,28.8033448630571,26.6344687230587,28.272423907036,33.3693378089694,25.6252129534241,23.1425872866294,18.9868465793573,17.0950017164409,18.615462547854,24.5242091071104
"45","CIAO3","ENSG00000103245","cytosolic iron-sulfur assembly component 3 [Source:HGNC Symbol;Acc:HGNC:14179]",7.92146522650501,6.80819563498422,11.7635045777313,7.16425307627318,5.74122781096567,9.21350004002459,9.05204943647987,8.30228461228224,9.26314028751121,9.10924576671063,7.18869191017959,11.5062545178659,7.45908777446923,8.85004131425065,8.95346322437996,10.3797398582008,9.31213071260914,10.5237632989611,7.73009070663665,8.60343077101363,7.16385631743084
"46","CLEC16A","ENSG00000038532","C-type lectin domain containing 16A [Source:HGNC Symbol;Acc:HGNC:29013]",7.23966271291122,5.89377972717652,5.48804333287686,5.30873955185424,6.71602755204102,7.06707760078451,6.6679217526836,5.84054887045563,6.30713532265202,6.18794812026849,6.93866408681243,5.73538637949427,5.94049756918786,5.72183581970475,6.79458279177832,6.16796052251765,7.08789686153895,6.62007684412353,5.54931525380791,6.96102015037332,4.80126499149728
"47","CNIH2","ENSG00000174871","cornichon family AMPA receptor auxiliary protein 2 [Source:HGNC Symbol;Acc:HGNC:28744]",1.01637557327049,0.462258940866749,1.79218048502163,1.05341910938559,0.46831889899139,0.685582621420287,0.666929854683402,1.21367897487813,0.745719133050335,0.417339848768172,0.392911264918689,0.871345642638864,0.5062699389877,1.35049057155352,0.404216005558607,1.8568742384869,1.26622841669053,0.755222379987959,1.12988660332116,0.745266114150111,1.6558141984506
"48","COA8","ENSG00000256053","cytochrome c oxidase assembly factor 8 [Source:HGNC Symbol;Acc:HGNC:20492]",12.5422056526865,12.5997538606921,18.0748755384716,8.37791213952654,14.7856327875868,11.1489042044925,17.931126214719,14.981966137526,10.8800131858815,19.0378280339467,19.6410665503797,9.91714191833361,8.99089445627858,10.4686726515192,15.1401286145633,11.6143297550842,28.1547475489128,11.6357104401913,12.4853619093848,8.25095259850337,9.61894977761977
"49","COX4I1","ENSG00000131143","cytochrome c oxidase subunit 4I1 [Source:HGNC Symbol;Acc:HGNC:2265]",70.708512172019,82.4687314155979,116.533394486763,95.4873799249851,78.9309801753229,96.4845197079819,107.516718076701,74.7365214176982,84.6056284678184,102.556504629557,79.2853742219477,91.6288393407212,95.4408768690806,107.260028776459,78.5520328320733,120.183322012578,97.7206197706596,65.3586279392453,50.1957531553691,63.9564050716814,72.6355102216151
"50","CRLS1","ENSG00000088766","cardiolipin synthase 1 [Source:HGNC Symbol;Acc:HGNC:16148]",15.7776082495928,11.0305198323888,14.8458958296946,14.5417572130767,15.7367670957449,13.6098698244524,13.8024495576436,12.7646726911927,15.2408667537675,11.3052169954252,15.3861443906644,12.6081352679805,11.2159532526107,13.4777818144251,10.4345689643484,14.5381293875319,20.6403756879098,12.1279882202703,11.6150408865978,11.0147889085984,9.45466207171832
"51","CTNNBL1","ENSG00000132792","catenin beta like 1 [Source:HGNC Symbol;Acc:HGNC:15879]",23.0422700025288,21.1819052658993,15.5692799243318,17.3995624407803,19.188155605372,16.5771560787242,28.1177758423845,21.7281085583566,16.9918399964117,23.090508940734,24.3195866729725,14.5679023521459,18.6079146868911,17.5304822014999,24.5977328088458,16.5317755693137,25.3930723462655,11.3914335464946,11.0797692464907,16.1035477739753,16.0722315719684
"52","CWF19L2","ENSG00000152404","CWF19 like cell cycle control factor 2 [Source:HGNC Symbol;Acc:HGNC:26508]",12.7486371090977,10.6297869858703,12.9779024037948,12.1553227110212,11.0938352087519,13.1282220825272,12.8994846098588,11.3712844774879,12.4360511638258,9.29266749076912,12.8984635944246,12.0825298047683,10.7862464608642,10.7335398600673,15.5413260426634,10.4046124931199,9.17302289527269,8.83164348196274,6.19481055745202,9.61084858216735,15.6321899697154
"53","CYB5D2","ENSG00000167740","cytochrome b5 domain containing 2 [Source:HGNC Symbol;Acc:HGNC:28471]",12.5286222705117,15.7502905751338,14.6995349740419,23.373448585362,8.88131807528127,25.8483440379077,9.45575598997745,11.9126017418405,20.5059091210601,15.6768742775574,16.1557051576826,28.3363188487956,18.8120205047262,30.6395548689487,15.9236552113926,37.1742702952242,5.26440512816625,18.246518815257,3.89797326645886,12.4939389708167,16.1716588629336
"54","CZIB","ENSG00000162384","CXXC motif containing zinc binding protein [Source:HGNC Symbol;Acc:HGNC:26059]",36.9334955625147,36.4063891843067,47.9720623210924,26.9794958320719,32.6850404098497,18.9978424440218,43.0978442428125,37.6017146975394,25.4142657889776,44.8088031625684,37.7173957553619,23.4077593191604,18.8069987930939,22.7826049716326,38.5314810431899,23.5057458366929,29.5677971313828,26.2294741359425,16.5279528802677,31.7119816941152,37.5189931789265
"55","CZIB-DT","ENSG00000259818","CZIB divergent transcript [Source:HGNC Symbol;Acc:HGNC:55408]",0.0188902458754112,0.0355115102071217,0.0172097903253957,0.0867058176122367,0.0770936708448252,0,0.0365961960281645,0.0755974560733017,0.0195297952745645,0.0739863459590298,0.0205800715707645,0,0,0.018978102387026,0.042344392066062,0.0201860668412614,0.0187064998260087,0,0,0.0171757793391989,0.0572410956824442
"56","DCAF8","ENSG00000132716","DDB1 and CUL4 associated factor 8 [Source:HGNC Symbol;Acc:HGNC:24891]",54.1373607016255,55.9536289137885,49.9485685360087,48.9263340773027,57.7167528228495,55.4917011912474,67.3886390965387,67.1698866441621,66.4340389284456,66.8414634660379,70.3379241140969,49.4863234820145,52.4288497831776,53.2304029222549,80.9296268208073,51.4305783212308,25.6145239557066,41.4045180107263,20.6115164569336,42.6065071734043,82.8406309637522
"57","DDI2","ENSG00000197312","DNA damage inducible 1 homolog 2 [Source:HGNC Symbol;Acc:HGNC:24578]",10.7095926623567,8.16976147635623,8.35139960249946,15.5321112243714,9.70639871354672,25.0459749691339,8.55466237230881,10.8489762201899,18.4459238217228,6.8522903007637,11.1134675794638,20.5660515247224,18.573087459134,22.1589768408836,10.60000579064,18.0623116402074,8.31938747819888,8.66255005028391,6.74198569376249,8.57884323077807,12.6296845959813
"58","DGCR6L","ENSG00000128185","DiGeorge syndrome critical region gene 6 like [Source:HGNC Symbol;Acc:HGNC:18551]",51.1994578245424,55.6941108401231,97.3061081241658,51.2638754754359,46.6603430283646,51.5083762677373,72.1426615686113,56.6935719297865,59.2532127038016,77.4722632981212,79.2184200885019,55.4302567868855,42.0940531734207,52.7958638740021,65.4221407824367,58.1664139869792,52.2149147877401,58.6567479321761,49.5666449650097,60.3420402533573,54.9803204146674
"59","DLAT","ENSG00000150768","dihydrolipoamide S-acetyltransferase [Source:HGNC Symbol;Acc:HGNC:2896]",17.931097649057,15.2044247353703,9.59434232951191,12.3229445265799,17.435229959045,17.1836667487765,13.138973709302,12.5451834521833,19.7721167376876,17.7911586126323,17.1945795073342,14.2498016114525,14.012194277758,13.3310071537696,17.909626801149,14.314574702904,18.6744110733575,10.2984381116894,9.66776414712126,9.60091578400156,6.59504865707449
"60","DNAI7","ENSG00000118307","dynein axonemal intermediate chain 7 [Source:HGNC Symbol;Acc:HGNC:29599]",0.252772223009694,0.496782209101761,0.816468131870375,0.189854018930209,0.211008667685798,0.709326747891273,0.311625535081291,0.666721161756231,0.308844658808433,0.180003366083249,0.500698082727746,0.520233929241389,0.354834858999171,0.554068013591954,0.206041615053155,1.12955814269668,0.182046181233597,0.296419667462483,0.0336985438256281,0.313405607759468,0.719527553349749
"61","DNAJC19","ENSG00000205981","DnaJ heat shock protein family (Hsp40) member C19 [Source:HGNC Symbol;Acc:HGNC:30528]",12.2957800920499,11.361747265095,12.0464165041519,10.9575311182229,10.0168509530086,10.623553637921,11.8370528721963,11.7717951115616,10.189210487153,10.8170678687886,13.3132632205403,10.5760925044314,8.90906619209407,10.2434598709163,11.7033475981448,10.2486057377785,9.90953614695466,10.8585814825827,6.3110061523746,10.9390268304775,12.820776329586
"62","DNAJC9-AS1","ENSG00000227540","DNAJC9 and MRPS16 antisense RNA 1 [Source:NCBI gene (formerly Entrezgene);Acc:414245]",4.47421502360989,4.88381488674028,14.8583837183193,7.61839744047603,3.75505637558302,9.05406666203345,5.03298918908191,7.94195508604121,6.56550164374954,5.72353256261941,6.13237966683829,8.87910822803295,5.01449602866488,7.75754162434437,3.15440944918081,8.48265772656029,3.50167766264327,5.71828676428841,3.75688574335162,6.62712828118445,7.87223392068475
"63","DNAJC9-AS1","ENSG00000236756","DNAJC9 and MRPS16 antisense RNA 1 [Source:HGNC Symbol;Acc:HGNC:31432]",5.70145864575977,5.26125354576153,8.51176696909961,5.84517428588564,5.73218638351359,5.96727268172581,4.55524975855727,5.22539008087162,5.12002937722967,6.17350808333431,6.07546439228372,5.71444153100349,5.02047787464317,5.05901487502396,5.20078109750889,6.95975336393912,6.69689824676047,4.27545752436202,5.67574443417953,5.31643583852293,5.14932819794847
"64","DPH5","ENSG00000117543","diphthamide biosynthesis 5 [Source:HGNC Symbol;Acc:HGNC:24270]",11.9681728686287,10.5409461411621,13.1715912518613,12.3495884259814,11.0224675890389,13.7594134752243,12.9204533540891,15.1045435358459,9.61061225461318,10.6452899772142,12.5908877869937,12.2975349998383,10.0735465955568,12.6204380873723,12.1595771307885,13.5213616090711,17.031247737045,11.5323932269213,8.49080764246462,10.3420051704773,11.8117868230052
"65","DPY30","ENSG00000162961","dpy-30 histone methyltransferase complex regulatory subunit [Source:HGNC Symbol;Acc:HGNC:24590]",23.2047160981227,22.6008640543938,25.8683461785836,22.2999971583073,24.1796715620777,32.1859543825812,26.6424506648516,22.3505737834555,23.3771649436537,26.2055392268673,25.6304886098746,25.711050938314,23.6349100917956,25.4477686024064,26.1186457796726,40.1919813089428,43.437412587787,19.9915975443831,18.2467118548027,16.5149341898694,17.8470229308919
"66","DRAM2","ENSG00000156171","DNA damage regulated autophagy modulator 2 [Source:HGNC Symbol;Acc:HGNC:28769]",21.7685522782574,17.413354208538,20.1668469177501,24.0317192961218,14.6229410164514,42.1248999720363,19.0759771004993,28.2673595793745,29.2102816265347,21.1667438128486,24.8463046673675,31.2576300516548,26.4955799829161,33.1847542213277,24.0105454910844,47.5631401687478,24.2968997429411,30.8129094479261,11.8245161925506,20.8935473850568,24.1274501729553
"67","E4F1","ENSG00000167967","E4F transcription factor 1 [Source:HGNC Symbol;Acc:HGNC:3121]",15.9574068487245,14.2122505397091,17.2793875561868,13.4329577080254,12.4432490306286,15.3830641238726,15.9498535350136,16.177129382325,14.8873323141637,12.844345157901,17.7311878863332,14.3825464938082,13.8767200446135,16.4042039206904,15.1892449650034,15.8631553582919,16.2428871094667,13.4728275150842,12.3609543333995,13.9599728220298,20.4418306507188
"68","EED","ENSG00000074266","embryonic ectoderm development [Source:HGNC Symbol;Acc:HGNC:3188]",7.09674981997343,4.3622063792625,7.4607899698612,6.97632339115724,6.42192970262445,9.9355316956994,7.54860701178263,6.40370038735063,6.10751758006231,4.43060736825093,6.11996358368978,8.37491257266688,6.06521813932091,7.34345445380397,5.94927543031403,9.58794442317958,6.70218480795869,7.7147817573144,4.65771897108238,6.11859230765621,6.01579766015417
"69","EEF1G","ENSG00000254772","eukaryotic translation elongation factor 1 gamma [Source:HGNC Symbol;Acc:HGNC:3213]",274.086854060462,242.906555162389,335.806211144803,314.455854653138,363.662717402961,399.28366249214,358.445026161386,234.68801592587,328.192672791427,341.203670679676,295.448886546856,370.337535099449,357.05564705171,361.477970496355,402.121391122251,302.977047399912,542.594273461001,378.649214792724,213.899893969,313.705073972007,336.104518401809
"70","EIF3D","ENSG00000100353","eukaryotic translation initiation factor 3 subunit D [Source:HGNC Symbol;Acc:HGNC:3278]",101.752309407902,91.3175387534826,80.1430674581676,102.205835291608,114.24040375438,110.945067465294,103.551382402556,104.53613904027,108.884745905858,98.2120478785845,107.168482662568,106.308450198711,106.886590717477,112.12158440748,117.369150727971,111.368182350526,116.491753930502,65.4814247104458,53.7841675852201,62.3904782777099,97.5576026848349
"71","EIF3K","ENSG00000178982","eukaryotic translation initiation factor 3 subunit K [Source:HGNC Symbol;Acc:HGNC:24656]",104.540376022605,101.247231004685,113.131318389427,104.66968260809,102.90103891491,92.6285968301877,122.422535363171,91.2016572100332,99.8834906724016,111.833620965372,99.0480303037196,96.4813166318255,90.8770372727261,99.4488717076489,104.832471505683,89.9754827060993,114.39923865987,73.0681593398446,61.8804987277158,80.4594410885564,98.4664887597258
"72","EIF4B","ENSG00000063046","eukaryotic translation initiation factor 4B [Source:HGNC Symbol;Acc:HGNC:3285]",124.676655501862,118.496125795835,77.2353632551754,139.620857292794,93.3434229799556,153.072508174982,108.580413439764,137.678724154655,126.455780298846,110.60120265132,130.166022720454,128.250960330639,148.818727120368,156.038390129143,176.713203679086,136.059792269301,116.851344288437,79.5159021132534,38.8217094278799,85.7232974376072,141.003985957581
"73","ELP3","ENSG00000134014","elongator acetyltransferase complex subunit 3 [Source:HGNC Symbol;Acc:HGNC:20696]",18.5759318102738,10.4809224651432,12.6008520236154,14.5802250797579,17.2449280427208,14.7874823181192,12.6662523742753,13.2461469817582,12.8292493327138,11.7685132079604,14.5338069074679,15.5840045444357,10.9192692588733,11.7082075347118,12.8925475589086,14.37659545136,11.2041487470877,10.6798757028844,8.13911738508443,9.57786143953839,8.35177321640982
"74","EMC8","ENSG00000131148","ER membrane protein complex subunit 8 [Source:HGNC Symbol;Acc:HGNC:7864]",14.4914588048393,10.2436090794999,13.4482249256862,9.50884868947838,15.8869952971573,9.20550210392793,11.4389278731655,9.11427822494295,10.8310515518594,12.5706454181724,13.4352449775578,10.1293820600927,8.4825474767137,8.76243199510718,10.8910492489077,13.4123838657213,23.8061261495042,10.8807617302816,14.5098001629977,9.8016376237039,8.79260811500946
"75","RBM33-DT","ENSG00000216895","RBM33 divergent transcript [Source:HGNC Symbol;Acc:HGNC:56024]",2.67197923933438,1.75805579926424,3.95570970832323,2.11559633502141,2.1809423693059,3.25924605482685,1.81175495728207,2.30569449389299,2.34807565165207,2.32196365731908,2.47435082064099,2.66294554596722,1.74063008380538,3.32195283186077,2.3583699779127,4.21152318620504,1.98449160635738,2.80044341667657,1.51837574720378,2.09541970895488,1.61932269499287
"76","FKTN-AS1","ENSG00000228317","FKTN antisense RNA 1 [Source:HGNC Symbol;Acc:HGNC:55797]",0,0,0,0.0986879844835316,0.10968437876536,0,0,0.215111303295742,0.111143414946055,0.105263458137431,0,0.105817581418079,0,0.216007498167386,0,0,0,0.0990526215020658,0,0.293240365802202,0
"77","EPC2","ENSG00000135999","enhancer of polycomb homolog 2 [Source:HGNC Symbol;Acc:HGNC:24543]",17.5602635966104,14.1982836447636,9.2113753265261,16.1871808529947,17.9040589920029,18.8529196849869,13.2547003197078,13.2768607809511,15.8179061254353,9.16237126571724,18.0984327469565,16.6867425573911,16.6306432544289,16.628591552312,18.8915651574794,14.3755642765775,10.2772276795805,12.3839910085257,6.23743021867412,11.7787506924273,10.6176489923112
"78","EPRS1","ENSG00000136628","glutamyl-prolyl-tRNA synthetase 1 [Source:HGNC Symbol;Acc:HGNC:3418]",37.1038084825635,30.3712549419447,19.481286867247,22.7950230875544,41.5900019868045,35.4338750423015,25.5358787877853,34.1828635671595,35.3745833560205,38.975253612281,42.4976363286731,36.7056143209035,30.2830066742311,31.2241216665157,37.038154139358,34.6347127218769,48.4153322124358,27.5353747168617,20.9451598762953,24.2186052328652,21.7873369036253
"79","ESYT1","ENSG00000139641","extended synaptotagmin 1 [Source:HGNC Symbol;Acc:HGNC:29534]",63.3520659339206,56.4829091686022,73.0173525049407,53.9850403990123,72.6253957868977,57.0201680712511,69.6201156411932,83.0152035644112,93.1256368645603,67.4853362597518,92.7790539277632,76.5561787044492,57.5413850375487,70.4456173829491,72.0707912717416,69.5849443765177,57.6362584461688,51.760882351964,42.3049052990937,52.7627840396122,58.7881683760746
"80","ETFDH","ENSG00000171503","electron transfer flavoprotein dehydrogenase [Source:HGNC Symbol;Acc:HGNC:3483]",19.083747917737,16.2346958744622,18.4176893170101,12.0164537029372,16.5902688430924,14.3721741141771,15.9700977533225,15.7698177836987,16.6860823446021,14.5763064089768,20.4454651689728,14.5935939873272,13.3615107660946,14.0001752760029,19.8153518412761,17.6662679277836,17.9412528489287,11.7548102652557,9.75297210214076,10.3094471241719,27.6174845903061
"81","ETFRF1","ENSG00000205707","electron transfer flavoprotein regulatory factor 1 [Source:HGNC Symbol;Acc:HGNC:27052]",18.2103349089028,16.0307251734266,14.5103028130045,11.8938230642701,16.5589608153105,13.3668091093088,14.0423210354566,14.3386163969543,18.7699864511088,14.1946450035065,18.7304939706547,15.4878147998338,12.0792779099079,13.2652779896468,15.7238327400054,17.6370233642262,12.803028877268,16.6773926773782,7.60406411551436,14.2565237047956,12.9199838046743
"82","FAAP100","ENSG00000185504","FA core complex associated protein 100 [Source:HGNC Symbol;Acc:HGNC:26171]",16.2301965323774,16.7798153636223,21.8736788617576,20.7147259115469,21.8465305699648,23.8695241609792,13.6964236990892,15.4521150794498,20.9582352875491,15.3461106572278,17.3093777383847,27.0625401024156,22.4989424604106,23.2301862814819,17.2535800307912,26.6042671354119,19.9618023967947,20.1491976827846,22.7328085599881,23.1437338861767,15.3825448302814
"83","FAF1","ENSG00000185104","Fas associated factor 1 [Source:HGNC Symbol;Acc:HGNC:3578]",17.3520615999339,16.7409378050117,12.9252436631288,11.9592179304172,15.8143795008116,12.5244731658448,18.1231711073019,16.1461061710673,17.3539431211934,22.1668240648539,20.3637394228057,12.6373540693473,12.3298411849805,12.1848698861858,18.9645126450078,11.8844083996503,13.7021057530721,8.47445392493877,7.29110537566727,10.9377684806164,12.1869592890379
"84","FAM174B","ENSG00000185442","family with sequence similarity 174 member B [Source:HGNC Symbol;Acc:HGNC:34339]",3.87461374311102,2.58767731007765,17.6762026201238,32.3729435654394,3.18039948511951,76.379289309713,6.75850485611869,4.73630561771251,38.3411607987174,4.05059754177801,8.42656488139075,75.9613905408486,67.6881590298359,78.511211472893,4.60388197964381,67.1959228555784,8.56817141504557,10.7234831715858,4.1226698658016,5.58905096890287,3.7223428510988
"85","FAM229B","ENSG00000203778","family with sequence similarity 229 member B [Source:HGNC Symbol;Acc:HGNC:33858]",9.78977521371088,11.1826066823797,11.6893321844816,6.12191488489072,7.07621674409944,4.94046219372797,10.6198117015659,12.1697337721399,9.43176218332232,10.2387443559614,12.1767095978953,6.19659101630147,4.45371468618365,5.52063520581712,10.0754592830142,9.17860379893207,7.97753139768368,9.9295676302763,3.52065636004439,9.94418862717102,9.24165705679781
"86","FAM230G","ENSG00000188280","family with sequence similarity 230 member G [Source:HGNC Symbol;Acc:HGNC:52423]",0,0,0,0,0,0,0,0,0,0,0,0,0,0,0.0337009556536411,0,0,0,0,0.0273396381236982,0
"87","FKBP15","ENSG00000119321","FKBP prolyl isomerase family member 15 [Source:HGNC Symbol;Acc:HGNC:23397]",15.2045795673412,11.2821079331797,10.4099516455676,14.2843005331382,13.9673238316548,16.837694882167,15.696363260123,14.3282896747919,16.3471061188262,11.9089803846291,16.8386666606465,19.0532496445654,13.9339414210223,16.162604806253,14.3672110257815,17.8860944925498,18.4943941650069,14.6704992784465,9.3226991024754,12.7873568472872,12.637964441686
"88","FKTN","ENSG00000106692","fukutin [Source:HGNC Symbol;Acc:HGNC:3622]",5.27848550630304,5.41396228902352,4.90894270459667,7.02422050516089,5.99735392538042,7.08932474894919,3.78772679226191,7.92577489866019,6.23429871878812,4.36633663106719,6.47755702881887,7.78107030214394,5.90116170261345,8.08606803850041,4.82756119731739,7.80655672476704,4.8675141670026,5.53275238587006,3.57313648483364,4.95299479912298,6.73062496497234
"89","GGCX","ENSG00000115486","gamma-glutamyl carboxylase [Source:HGNC Symbol;Acc:HGNC:4247]",30.830644053761,21.1929008274902,40.7836165947692,40.0614099667962,34.0348770703686,31.4418780116413,25.6752704702423,33.7473176129573,42.7896161581298,25.9829853351852,24.8563742858302,29.9947948193382,26.063045508895,30.5470643228888,25.5882488385391,46.0122179386404,26.6396512945386,30.4267160100244,33.2832865003501,27.2325153033164,23.7830901360404
"90","GNL3","ENSG00000163938","G protein nucleolar 3 [Source:HGNC Symbol;Acc:HGNC:29931]",50.5388203448533,25.0201065048544,39.8964330377633,95.6978694238227,66.6868791663686,129.941973682592,29.4876165711874,25.7316037271781,77.4236484526251,26.0840501616603,36.4392310275367,103.999993835144,97.7270063131174,87.3754236190118,30.7737869340105,89.9438756880755,109.812363383686,45.831182260478,57.4442562480877,38.0516346364251,34.5272492589852
"91","GOLGA7","ENSG00000147533","golgin A7 [Source:HGNC Symbol;Acc:HGNC:24876]",43.9528299598134,31.2619206983686,30.7752788585558,24.6923799365947,35.5286057442183,34.0461301019567,30.9419432147871,33.8789434092204,31.2671943405618,33.5327935989547,40.8946069796008,29.7689150945485,29.5316116158639,32.0918253870894,36.1707970729915,33.3433843729554,52.4584393576723,34.4595822493468,22.0347613389423,32.2850847094369,27.5288949000382
"92","HAX1","ENSG00000143575","HCLS1 associated protein X-1 [Source:HGNC Symbol;Acc:HGNC:16915]",62.2318068675709,47.5765911163036,56.7817665781077,50.4823157825116,66.2240177577458,43.6307779837864,61.744617951904,60.466739250315,52.3626798993115,66.2671324743136,60.048360930667,51.9604589457321,39.7662850182456,48.1638083146948,63.8928833567547,45.6120432169703,100.746975456445,54.932331644464,46.6693088113039,47.3104889199422,52.3976755659154
"93","HM13","ENSG00000101294","histocompatibility minor 13 [Source:HGNC Symbol;Acc:HGNC:16435]",21.781777700585,11.8148978416972,16.7911570127934,20.1014397579002,25.2204311895432,18.7170552359246,15.9474456613718,14.8087138526158,18.6269250271032,15.2303908100261,20.9515109925094,20.6322062073156,15.0639639447783,17.3442680634757,14.1642690143446,23.7326255572299,60.8269995124912,27.5509715971678,24.7849689571463,24.572604285054,12.9635283178328
"94","HS2ST1","ENSG00000153936","heparan sulfate 2-O-sulfotransferase 1 [Source:HGNC Symbol;Acc:HGNC:5193]",5.59735860968674,6.188130414852,5.12438012492039,11.3328716945369,5.56183514222133,13.6656287580141,5.80222860403574,6.30349376375913,10.2709740713536,6.92912405648906,9.54999536010105,12.2235045995071,11.3150718033632,12.732899118653,8.75018163160522,18.0122700882738,7.74922735631231,7.3195473988409,4.89423153209374,6.84114366027999,6.45609288899179
"95","IFT122","ENSG00000163913","intraflagellar transport 122 [Source:HGNC Symbol;Acc:HGNC:13556]",10.1090574449805,8.48292808754349,9.65871084787205,8.87293672697238,6.20570447829118,7.84394051335806,8.18969203323494,11.7479435247611,7.5619160574272,5.67985714796684,8.68951234257235,7.06790283855375,7.38508335663887,8.34552008019264,9.17622882681781,7.54520864726553,4.92170805914169,7.75115545667551,4.44946675922297,11.1310119191244,18.1462114559332
"96","IPO8","ENSG00000133704","importin 8 [Source:HGNC Symbol;Acc:HGNC:9853]",22.6442717635066,23.8343940250592,18.0065146612828,20.5086199299706,24.1428525397452,24.9080312504795,21.4790609311061,26.5649880870006,24.6158914141014,20.0433722144185,27.7963343073423,22.9350211562471,20.4738074209156,20.083005535109,25.80782787313,23.8836261729057,15.3728616498972,20.8912218666568,11.3970363037362,17.6681483737241,18.4995518574396
"97","ITFG1","ENSG00000129636","integrin alpha FG-GAP repeat containing 1 [Source:HGNC Symbol;Acc:HGNC:30697]",11.6201050040256,13.8517924300882,8.69340930050659,14.2736991673645,9.6111325093972,15.0914058362165,9.2685306416412,12.0100350400237,14.5949327080649,10.4632690233843,16.7970094415375,13.0963760959082,12.7816585280916,15.3930362617796,13.601133175922,20.5523075620868,9.63966159277286,12.3234719157111,4.95470080198833,10.5575337705784,10.3878665153876
"98","KIAA2013","ENSG00000116685","KIAA2013 [Source:HGNC Symbol;Acc:HGNC:28513]",46.7669864636138,54.0636604440413,45.1494836541344,38.9271912364771,47.1671578634886,37.9831637953116,48.9459008238902,41.8665209290365,42.7928231184346,67.1905219381842,63.2264019776889,48.9639654565034,36.4348672637134,39.8807382169692,54.9422746017648,54.2832745895351,42.8110364126905,32.2702632917584,22.8305426193418,29.6078031640124,30.6564536326755
"99","KIFBP","ENSG00000198954","kinesin family binding protein [Source:HGNC Symbol;Acc:HGNC:23419]",12.3754489501116,11.7725051325495,7.6938838362154,8.60894336810923,15.8877842752437,11.3072407766694,9.5177285066318,12.9787172141489,13.1930534830521,14.3827442064637,16.1789927008938,10.8591461068857,9.91488228949333,10.9710342977355,13.9261691600036,14.4737097182563,7.67327657962009,6.91030970172085,4.73314398723129,5.2812120323613,9.28392008472013
"100","KLHDC9","ENSG00000162755","kelch domain containing 9 [Source:HGNC Symbol;Acc:HGNC:28489]",3.98332684116207,13.085816018396,12.1085583306472,6.37203070046691,3.86293077214559,8.05056591811483,6.37983400276226,9.35152618429312,7.46166485701504,6.98967721938032,12.9759983588406,8.54046317003355,7.00344987982782,10.0244433226558,5.12756121554375,12.6011404895721,0.429607819550681,3.56117209793299,0.751869370844363,3.37078663899066,7.21028143446007
"101","KLRC2","ENSG00000205809","killer cell lectin like receptor C2 [Source:HGNC Symbol;Acc:HGNC:6375]",0.181013670283126,0.0425356348077965,0.865782186943574,1.37090053428991,0.0923426857917836,0.450608483026327,0.0438348698923078,0.407477348704643,0.935710404682602,0,0.147904677139323,2.58353024999256,2.83879722918449,1.63669990939638,0.101440101340379,0.53193450720258,0.134439708222543,0.250175600404817,0.398177857397949,1.23438739707265,0
"102","LEO1","ENSG00000166477","LEO1 homolog, Paf1/RNA polymerase II complex component [Source:HGNC Symbol;Acc:HGNC:30401]",12.9136936165311,7.85408826814957,9.29658226747813,14.4813473849476,16.0174403361642,22.7927492689452,11.8957103153252,10.2599419771824,12.0419886607846,8.9999667326439,10.593044498722,20.6369168078913,13.9535927503296,17.0439511011993,10.5288880400007,23.1074631530542,17.9534637053532,13.1583587721692,8.72614924326791,11.8567693757512,3.93867454121329
"103","LINC02482","ENSG00000251580","long intergenic non-protein coding RNA 2482 [Source:HGNC Symbol;Acc:HGNC:53458]",10.6092455306818,10.4253631369791,8.20099524946867,7.67334158026929,5.24821558300981,12.1647205735287,10.5880946868785,11.7401326584263,7.6446653133275,10.7029489615187,4.72839336323842,12.3415396261493,8.06702757639347,13.4039818738395,8.46772447835752,13.2265137063428,5.41220708473154,7.55358391601417,2.82876117649064,5.26164940723762,3.08491525854462
"104","LINS1","ENSG00000140471","lines homolog 1 [Source:HGNC Symbol;Acc:HGNC:30922]",5.53825150050714,3.85512088674117,4.07771290475828,3.96495130060562,4.12244302341939,5.00310193792785,2.6570177201668,4.16440571742331,4.98752864394768,2.51531019447909,4.80986389786675,4.23425180669513,3.45403721957351,3.81432085146461,4.44073901917195,4.47584183042008,3.44929606547868,3.73087611527967,2.84131932677138,3.25413991046251,3.68534927494995
"105","LRRCC1","ENSG00000133739","leucine rich repeat and coiled-coil centrosomal protein 1 [Source:HGNC Symbol;Acc:HGNC:29373]",6.84375519676711,7.51535383936851,6.5277771029211,7.48740769779803,5.31550205871005,6.24118993710612,5.57840909900984,8.29418646031398,6.72930039246734,4.47179537036312,8.56487319353034,6.19591710190714,4.88579228064386,5.86644806177874,5.34382047775769,7.74256620347298,5.67639042341253,6.49085081782125,3.54507350402219,6.11302433380962,7.22376976861342
"106","LSM4","ENSG00000130520","LSM4 homolog, U6 small nuclear RNA and mRNA degradation associated [Source:HGNC Symbol;Acc:HGNC:17259]",29.1360745107694,23.491971904855,38.4186438894513,29.4605300078086,26.4596091763257,31.5765716849109,29.0037056282527,19.9412936312076,31.5348616572363,30.34895973762,33.4259361850588,37.4304977878586,27.8596908499875,34.513919095595,21.3856095322982,39.3671287931216,64.8686017035168,32.561399199998,47.5879065334583,30.8492930883793,20.7656484074847
"107","MAP4K1","ENSG00000104814","mitogen-activated protein kinase kinase kinase kinase 1 [Source:HGNC Symbol;Acc:HGNC:6863]",1.0467814948785,0.790357933788885,4.15858714332404,5.92317643476468,0.682828959533704,6.83493160694625,0.897611277081394,3.4680643739795,2.94506150820631,0.722517938184396,0.990857819772986,9.69554593578034,4.04097032188835,4.84448589774316,1.19246649865573,2.67727605361436,0.628757023117203,6.19804301385757,1.22051300698275,7.45818135192922,1.83730450351123
"108","MBD4","ENSG00000129071","methyl-CpG binding domain 4, DNA glycosylase [Source:HGNC Symbol;Acc:HGNC:6919]",23.1641133455415,20.5570058808676,19.4461195035077,20.299671430502,21.6954132410581,26.8494178432456,19.28571004739,26.6131653473735,22.6109289055721,15.4573867902758,22.7258445157792,21.7065093019712,19.0002647993826,23.4952243987737,22.2469688758734,22.3987569040428,28.1230430362492,21.9204691017595,12.5385092016944,19.3341749805216,29.0730185761041
"109","MCM8-AS1","ENSG00000278719","MCM8 antisense RNA 1 [Source:HGNC Symbol;Acc:HGNC:51230]",0.207024027279557,0.518908781907524,0.943036984615911,0.380094312568312,0.211223325536954,0.549714845213805,1.27005181017581,1.65699164654665,0.285377395039516,0.743269240012115,0.300724463929259,0.679256295776275,0.732591400141218,0.485302705699565,0.30937682992722,0.368708881113783,0.478357361267936,0.381498702957092,0.404793901824025,0.564703980125706,0.348512673102166
"110","MCTS1","ENSG00000232119","MCTS1 re-initiation and release factor [Source:HGNC Symbol;Acc:HGNC:23357]",13.3661240650963,9.2820791491908,14.3772420368725,11.6993440273017,12.9785577992602,15.3092048158021,12.2523019433815,11.6262465520783,12.8545566838561,10.1141968912931,11.4358241972718,14.0508366736906,11.1919317132158,12.1070794143787,10.5588883490018,17.5535319212295,34.0966016426804,13.9456803800563,13.3069931163729,10.9138062216234,8.54960430112357
"111","MED29","ENSG00000063322","mediator complex subunit 29 [Source:HGNC Symbol;Acc:HGNC:23074]",33.1656810325627,32.5704395238909,25.8804102831668,32.1833998149812,29.3085812342972,29.7837402412381,24.5699989400074,29.2706746226702,36.9401876293458,33.236600667686,42.4147547484653,31.983867548376,28.4743177359997,31.4540149254509,33.7621885764558,29.089775101827,17.7965688472492,26.3536021223829,15.2394744607006,33.211351173034,31.5520382386728
"112","MEF2C","ENSG00000081189","myocyte enhancer factor 2C [Source:HGNC Symbol;Acc:HGNC:6996]",6.90755788239099,8.48879918696964,9.60521074826646,6.36759558378123,6.68262924764517,6.13116187011694,8.22823205391188,9.52051885129657,8.53748780119993,7.28345223710785,11.0838838153734,8.20790656308781,4.85642292260507,5.67581522694193,9.26193430259529,8.28788559253487,5.13741911925159,11.0382454999881,6.43159141162681,13.0597276527418,12.7475944432356
"113","MKS1","ENSG00000011143","MKS transition zone complex subunit 1 [Source:HGNC Symbol;Acc:HGNC:7121]",8.31717422003452,6.67629018595653,9.65346430756792,8.47499401815968,4.53146029456878,11.19696886842,7.76642533713842,9.25316199154794,8.27200809555965,6.28705234053495,8.62624953826702,10.1187867618026,6.4214842065078,9.7429286872647,7.17785729341013,13.1004851304259,6.11131441017612,8.92012820639079,4.37869524190758,7.25982033628993,8.38407998391638
"114","MPC1","ENSG00000060762","mitochondrial pyruvate carrier 1 [Source:HGNC Symbol;Acc:HGNC:21606]",43.3072571736092,52.2542569876557,50.807408681338,38.3058113951243,37.0228765600122,32.9866686689929,39.6120918568607,45.742597716545,40.5093304553999,45.4121946206649,47.3247132215454,33.6445836536062,32.4370932197774,31.3421151310848,39.686733671005,28.8827362694782,34.9779481918072,33.919372119526,23.518270408748,39.4166137928709,45.9147637949765
"115","MPC1-DT","ENSG00000261420","MPC1 divergent transcript [Source:HGNC Symbol;Acc:HGNC:55366]",0.373174728879838,0.428710319282247,0.302202235004871,0.304509135496863,0.211524581298722,0.619311231103114,0.883610231851178,0.954129078463052,0.814485575665195,0.852595405732946,1.2196711487082,1.30603215403047,0.600247843692057,0.624850541000706,0.882981517810313,0.753238889033304,0.0410605384322722,0.229225687656981,0.0608056854359744,0.527808759473646,0.502574021016277
"116","MRFAP1","ENSG00000179010","Morf4 family associated protein 1 [Source:HGNC Symbol;Acc:HGNC:24549]",232.912505351522,223.559462302916,197.551649851396,212.428841664744,273.532721509937,156.590181707252,237.045470944994,234.712034596913,210.368069617241,245.99626117478,249.154834004526,153.007200879221,160.868893939888,156.938356202429,248.391199077335,182.08044415588,305.488302646754,181.527117264758,151.727522226363,175.649359206405,167.668094984053
"117","MRFAP1L1","ENSG00000178988","Morf4 family associated protein 1 like 1 [Source:HGNC Symbol;Acc:HGNC:28796]",54.3923660076493,45.6563260442755,50.1206565501931,66.899679287033,54.7019644452398,69.8080801594134,52.174936475043,52.1148575696038,53.9176079526104,42.9300596776922,59.5631357925005,59.6343717313077,53.0643324011964,57.2400548371949,54.0226937494025,67.7997112518309,48.9638256654535,59.4057646952701,34.0872209751472,46.5415953365225,40.1362221955129
"118","MRPL15","ENSG00000137547","mitochondrial ribosomal protein L15 [Source:HGNC Symbol;Acc:HGNC:14054]",51.3745217385547,39.0274627913943,35.3367280913819,36.8090438448466,48.3488004842851,47.1292206921008,35.8610457427121,30.2583578478483,38.0394170115876,53.7616098821739,47.7794613754608,51.5217896481514,37.1584494408854,37.8803879720726,42.6428293683311,59.0982445106529,74.2817202624978,25.7670715754757,40.175454878703,22.8380324187363,27.4990837550306
"119","MRPS12","ENSG00000128626","mitochondrial ribosomal protein S12 [Source:HGNC Symbol;Acc:HGNC:10380]",19.4582308102798,12.4607388272927,18.1307950512099,17.1654952712608,18.2065836998746,20.5096006321249,17.5917265680778,10.3194229840844,14.0982622537986,16.7292307489498,18.9238653539309,18.5924550574908,16.2446178872223,16.9422317644939,12.8370461080086,23.3287474620378,38.9452312536709,14.7218344704948,28.8829841906953,11.6222025826742,9.49147606575097
"120","MRPS16","ENSG00000182180","mitochondrial ribosomal protein S16 [Source:HGNC Symbol;Acc:HGNC:14048]",38.6032383580446,30.9219906806306,30.1481340983286,32.094434581645,39.9807804593844,37.2060199216499,26.622042950759,27.5697009217719,37.8770313886615,40.3662380314434,37.1895741005459,35.9425284136403,33.9050803719746,33.3190406255165,33.5519670336576,38.7087844353038,52.0281991603175,30.4234064667905,32.6490404292319,24.5035176105369,23.1498233379027
"121","MT-ND6","ENSG00000198695","mitochondrially encoded NADH:ubiquinone oxidoreductase core subunit 6 [Source:HGNC Symbol;Acc:HGNC:7462]",7978.02710398848,14938.5147824576,4017.61178363137,11796.1183921825,7777.18947047155,8097.56850673556,4393.58119957459,9343.75485371281,9966.68729397715,14798.779253127,5598.89408392422,15376.7645374207,18275.4024121267,14042.4802043418,5636.5992237438,2941.36266832864,476.367004149257,4933.1501601929,3165.48792674587,3450.1036050831,2187.08152169779
"122","MT-RNR1","ENSG00000211459","mitochondrially encoded 12S rRNA [Source:HGNC Symbol;Acc:HGNC:7470]",2219.2100465553,3114.79429365748,3888.36963530311,1268.54962817171,1058.91138830372,2379.83570701151,2813.06638412611,3105.4769911254,925.67692129084,1945.84997251963,1564.5908160413,1635.04701447525,2264.58285012207,1732.19084571285,1259.26609375143,2473.94360342988,2921.90303580418,2049.14197039454,2874.43746588587,3278.96694620485,2159.23781112643
"123","MT-TE","ENSG00000210194","mitochondrially encoded tRNA-Glu (GAA/G) [Source:HGNC Symbol;Acc:HGNC:7479]",2051.75912786756,3795.16064320688,777.430578648907,3323.88712121951,2494.5995151209,1792.42193405708,1212.2736560868,2498.31514669723,2677.19358528625,4284.65142781282,1428.7920488719,3257.25838815367,5086.50370714413,3097.38473546083,1720.02644413265,484.304993310624,109.037747507567,914.887336369298,1121.65163577379,576.557307631243,474.658097858571
"124","MT-TF","ENSG00000210049","mitochondrially encoded tRNA-Phe (UUU/C) [Source:HGNC Symbol;Acc:HGNC:7481]",118.472172456149,274.800570035597,279.407248109538,49.9931089847772,82.8580514800008,45.6650444657891,140.671654017219,394.779232202678,57.2905169041653,131.906973717541,255.017522078884,27.2726186249215,119.869212578804,81.5884659451251,71.7460119571712,41.8593634803628,70.0134228840085,29.0503202470073,78.46160108313,106.851007093926,248.979417115867
"125","MT-TP","ENSG00000210196","mitochondrially encoded tRNA-Pro (CCN) [Source:HGNC Symbol;Acc:HGNC:7494]",788.081612080812,1120.504342785,565.291501329184,581.511692099763,714.500173333253,709.235221859287,924.75008470472,1202.65408101054,478.544317670087,1245.39828908848,535.797018326961,638.251191450368,825.077146807976,648.430685142078,581.400957299992,427.466979070807,70.1386456196914,411.77922745847,1081.82435243414,733.789454384032,1472.12060629537
"126","MTCO3P12","ENSG00000198744","MT-CO3 pseudogene 12 [Source:HGNC Symbol;Acc:HGNC:52042]",286.220999528871,413.571722147705,452.938997161811,308.742202162892,228.383129098172,335.631815620012,342.837245503285,430.6553853653,270.653721367749,265.684968338876,261.295198498227,183.101171503129,348.997922872526,269.237550670534,236.288674813244,324.672772881309,49.8593539219929,401.750913809867,532.398796654847,498.387108488518,467.347594159901
"127","MYO9A","ENSG00000066933","myosin IXA [Source:HGNC Symbol;Acc:HGNC:7608]",5.98533145416882,8.90946496383696,4.94939905934334,5.47913467874543,8.7790774536819,5.84313251039808,7.08897481268574,8.66901313795634,7.59731889888552,7.9234543463527,9.46913450069356,5.40022338255741,6.64270723855172,5.62956410254968,9.21977476050623,5.99504656570258,4.41465360217685,5.80181424161707,3.29088667950823,6.30699654817696,6.13014742782684
"128","MZF1","ENSG00000099326","myeloid zinc finger 1 [Source:HGNC Symbol;Acc:HGNC:13108]",19.242353734489,17.3148386519509,20.8464214438837,19.2744816635874,13.1056849622169,22.0880452836877,17.3428722111035,19.6269372780266,19.9567129215588,15.4165579072737,19.9254339810417,28.6103949692234,19.6078211174167,27.5412627076035,16.805771552365,29.3809454887374,18.5130436965871,24.2311638934811,10.5335876285982,19.9940318343626,15.0531848082308
"129","NAA30","ENSG00000139977","N-alpha-acetyltransferase 30, NatC catalytic subunit [Source:HGNC Symbol;Acc:HGNC:19844]",10.131354993966,10.9559134063251,6.82363801312285,5.9562512124745,10.4182531212707,9.07323997525212,8.91224249671698,9.35585196396786,9.32887256473518,11.8817039610585,13.2490483181189,7.18051034352108,8.60575377946675,7.59600965870303,13.9183493652704,7.95636475403823,6.70609319595594,5.94559057025493,4.21153859204682,5.34335061433201,8.04878018909778
"130","NAALADL2","ENSG00000177694","N-acetylated alpha-linked acidic dipeptidase like 2 [Source:HGNC Symbol;Acc:HGNC:23219]",0.539005759076587,0.736496755633553,1.45043510165246,2.60230747077498,0.712883903776623,3.76195425143277,0.66714014535481,0.738994055039095,2.00198793366781,0.459358207472306,0.96239240368444,4.61285089379374,3.00554941486584,4.17165275448398,0.962113686300298,5.87713058870811,0.212516683169032,1.63245162445337,0.428153982514374,1.60639281613452,0.851932972990634
"131","NBR1","ENSG00000188554","NBR1 autophagy cargo receptor [Source:HGNC Symbol;Acc:HGNC:6746]",41.1690287757057,33.6138752352393,29.8450504819078,37.6077658571605,39.6078708904855,58.6418448645332,39.7143399691056,40.8174657750711,53.7354939573336,35.4826147484103,51.7804860149332,53.3849383508279,47.6612451705935,47.3687610059151,46.4226834930494,53.7473231029239,24.624188094763,36.7056370936678,10.1608506875596,30.1749976766501,37.2383531371391
"132","NBR2","ENSG00000198496","neighbor of BRCA1 lncRNA 2 [Source:HGNC Symbol;Acc:HGNC:20691]",7.70262393100533,5.81027436363808,8.72753134032196,7.66517485589216,3.1699622748523,8.41105020471073,5.51750511186461,3.30271796343525,7.19383176939724,6.97169525698387,7.96855265477055,11.4045706141132,9.27657841180728,5.69003530179714,4.4979199133455,12.6231777671011,5.03171823349522,7.18656068914153,2.84765557366186,5.67934024626107,6.83214533881876
"133","NCOA5","ENSG00000124160","nuclear receptor coactivator 5 [Source:HGNC Symbol;Acc:HGNC:15909]",42.7654633743358,30.2963361374649,22.1483267222063,26.9587990010861,38.8397494728888,38.1363393475357,31.8951361990292,33.2804242123307,24.1104238440602,33.4375259066241,34.036709281597,31.6435975319741,28.7892287525625,25.7574518703706,41.1550209406499,34.75830072846,37.9476395503056,30.1446966063972,21.4866520202169,22.8515902991386,29.045500758082
"134","NDFIP2","ENSG00000102471","Nedd4 family interacting protein 2 [Source:HGNC Symbol;Acc:HGNC:18537]",6.47316837604954,6.11080612194135,6.19154891664502,20.6499551585576,5.78786598476102,36.9399898700306,4.86930909723615,5.67553652260027,17.4348841424103,3.80846285602715,8.94913613148623,29.7435238291423,28.1734544520878,27.0429002262183,6.75152012099556,40.8730623592353,8.35690324280555,6.89581345920912,4.74636770162183,6.48572502429893,4.93564931755252
"135","NDUFAB1","ENSG00000004779","NADH:ubiquinone oxidoreductase subunit AB1 [Source:HGNC Symbol;Acc:HGNC:7694]",58.0836099536776,47.1432276940358,54.4615646577996,39.8152355799487,56.363580268892,38.2058259394437,58.5626738594875,41.1023250549517,44.4020026648522,58.5337195871586,55.612035350488,37.2665051438771,31.4650920076449,32.8399574581036,41.673590732623,42.496187333311,99.3770760947451,39.142005360087,49.055138739686,31.8799318269008,30.0620932846149
"136","NDUFS5","ENSG00000168653","NADH:ubiquinone oxidoreductase subunit S5 [Source:HGNC Symbol;Acc:HGNC:7712]",379.157328122147,418.867335176629,437.902894996606,276.247298113764,432.315174438365,215.087845350096,595.93265646677,336.73731463519,271.567576699451,472.705919945993,374.37012909027,207.745208132385,241.081148790931,216.26548522496,316.603996876697,271.698344925905,831.720168500391,284.111296682479,280.462895295032,244.236761363736,283.822870031717
"137","NEURL4","ENSG00000215041","neuralized E3 ubiquitin protein ligase 4 [Source:HGNC Symbol;Acc:HGNC:34410]",23.9126172838668,24.098939620308,22.3563042065743,18.0256082854891,20.280908289417,19.4099567547506,29.478289282496,25.4201071336537,22.8239937796709,23.4896515768001,26.3870973313429,19.1330535446775,18.6533292303468,19.2853384867068,22.9443534501607,18.3863824687533,22.4824083318124,19.6623627698066,11.6890799830809,19.2731953183821,33.4925536564291
"138","NOL6","ENSG00000165271","nucleolar protein 6 [Source:HGNC Symbol;Acc:HGNC:19910]",31.6662283595876,11.7460002092199,14.9530494813056,23.8713301092823,31.1249575026247,21.3640913104212,13.0170859910644,14.8007940488437,20.4599670832621,14.0917399817394,17.9940005454224,24.7705771215211,21.8482084418589,22.0975195160035,12.281071043126,19.6501107025362,25.4209645032283,17.1653530579372,20.818647696807,20.6255488696156,18.9682123526301
"139","NSUN5","ENSG00000130305","NOP2/Sun RNA methyltransferase 5 [Source:HGNC Symbol;Acc:HGNC:16385]",17.5846111747693,17.9666085960648,22.2293024217437,16.6898032107013,17.4547556601672,15.2740701111772,19.9011593285005,18.7659723735142,18.9811075640914,24.2805243473138,22.0366993780921,19.0299003339742,15.5709518354135,17.0076483750388,16.0343105703932,16.2217219814308,18.6138221054296,16.4951628456916,13.9718071495241,14.8143360743386,18.1027731581022
"140","NSUN6","ENSG00000241058","NOP2/Sun RNA methyltransferase 6 [Source:HGNC Symbol;Acc:HGNC:23529]",6.69040342018798,5.15847323935363,11.4484366420542,13.8679188350187,4.45181237141564,20.0244200786321,8.45306217434427,8.73082541035249,16.1595153898669,4.53821522534244,7.14100243270097,23.0777617766274,18.3786806514039,18.3916367050283,5.04254161848785,25.1781365702596,9.08341747683487,13.6154029662282,6.12851081930711,11.5845034047572,8.42268849591506
"141","NUDT9","ENSG00000170502","nudix hydrolase 9 [Source:HGNC Symbol;Acc:HGNC:8056]",20.7722993452062,18.2031008694693,17.5657421915637,19.9294247660432,20.3893752308051,21.8506903121281,21.6689363903888,22.4662272186106,19.2509191213128,20.4437240084876,24.3712904714655,16.7975772593345,18.7518632897728,17.3158435391001,22.565245407384,22.1061586721695,33.3765435504278,21.0827158530845,12.5909782831097,19.5069004938168,15.6230437977855
"142","PAF1","ENSG00000006712","PAF1 homolog, Paf1/RNA polymerase II complex component [Source:HGNC Symbol;Acc:HGNC:25459]",53.9017730996384,49.7564573887101,40.1424358254774,51.9556728386339,58.8862869610712,44.9632952817196,55.0443891978083,50.4173970345565,47.9722556471154,56.9858407540936,59.083649903914,48.1761509404067,42.0824434023126,44.8801321159561,70.2445136537197,49.5842964764692,50.3561026050955,39.1458707512742,24.3848119558127,37.3583243437084,34.0790269725684
"143","PARG","ENSG00000227345","poly(ADP-ribose) glycohydrolase [Source:HGNC Symbol;Acc:HGNC:8605]",9.27125091245071,7.86910902576905,6.10894541404903,6.92047326558624,8.10990770980036,9.46884892658603,7.62264371832693,8.13776251837222,9.48942433470208,8.7413410815335,10.4031960853313,9.1779060599999,7.518050603406,7.78633540333025,8.68652809307935,9.76590421615054,5.85440500511079,7.08008980727117,4.19906588951248,7.23928458012323,5.70423310277154
"144","PARGP1","ENSG00000239883","poly(ADP-ribose) glycohydrolase pseudogene 1 [Source:HGNC Symbol;Acc:HGNC:45008]",2.68046946583771,3.27335134884454,0.942195860568235,3.23567011229655,2.19648599442939,5.2960937537719,2.43288983393272,2.42836834531044,4.56051102043275,2.81060638566328,4.3228907772233,3.32400218418458,3.32020103674908,3.73194286192863,3.28813953879632,4.28523694621165,2.02737366673744,2.43085734940119,0.882117575960717,2.11095351486526,3.28304576724033
"145","PBRM1","ENSG00000163939","polybromo 1 [Source:HGNC Symbol;Acc:HGNC:30064]",15.0861272217918,17.6673349744326,8.52043456027121,12.1525451321691,17.930010187006,17.8765869745625,14.2456834104222,14.4607091881533,18.5244781250208,17.1247639889026,19.934069647363,15.8177992844091,17.3398797915923,14.944512546843,22.0039383195766,18.1558302727587,10.9940506093652,10.7601681507033,7.34699464254508,8.720817818898,10.454362163504
"146","PCNX4","ENSG00000126773","pecanex 4 [Source:HGNC Symbol;Acc:HGNC:20349]",4.19467071115661,4.1336698025756,4.07385531285703,4.5937058437533,5.28454082073247,5.97564252930816,3.52659105221022,4.42762145363134,4.58485999688843,3.29966700311983,4.65707823281665,5.02856745450417,4.71058488048999,5.19738520525874,4.61860573556068,6.0543831619477,5.12909871123116,6.15891422976451,3.12984589884547,6.10010559220569,3.82656542853422
"147","PCNX4-DT","ENSG00000258553","PCNX4 divergent transcript [Source:HGNC Symbol;Acc:HGNC:55447]",0,0.111470133875676,0.108042582270098,0.108867339526413,0,0,0.114874947497499,0,0,0,0,0.116732331948965,0,0.119143995929738,0,0,0.117438882648946,0,0,0,0
"148","PDPR","ENSG00000090857","pyruvate dehydrogenase phosphatase regulatory subunit [Source:HGNC Symbol;Acc:HGNC:30264]",29.9949674081905,23.2940700522589,18.1741252245206,16.7178300979292,19.1671049081087,19.8768630396587,17.3050231453093,31.525602359136,34.319523999128,55.2796143801855,27.5045968267721,18.0027446171846,22.3728930901778,11.293864161886,27.4540283899666,21.0658916773611,16.1323593589545,20.9263518431828,3.56818418503006,13.0661619581646,22.9271671230913
"149","PDPR2P","ENSG00000214331","pyruvate dehydrogenase phosphatase regulatory subunit 2, pseudogene [Source:HGNC Symbol;Acc:HGNC:27556]",7.60218403622259,3.86429797435678,2.79296284512012,4.88026004773577,4.97204331903318,6.3170176997966,3.96516629120678,6.40026370024039,8.24429798169604,6.42002601132342,4.82647838366088,6.38405098176062,4.70309134233815,6.62276280823236,7.70621476237992,5.94599898967307,2.79018586707325,4.00027168785576,1.24737431189033,4.83371658362564,6.78374273526246
"150","PDSS2","ENSG00000164494","decaprenyl diphosphate synthase subunit 2 [Source:HGNC Symbol;Acc:HGNC:23041]",8.55279218150988,7.89297133376644,7.22525825008907,7.74039574275214,6.76947623850272,10.2712909649951,7.31395857775467,6.72452946964717,9.2710763671087,8.44223122778268,10.7673298955863,9.62616554588416,9.1880627479435,9.47786542455641,7.9011658760781,13.5522959408548,8.09317227049627,8.69235952002566,4.61156761332966,6.97532635800715,4.4503275192641
"151","PHAF1","ENSG00000125149","phagosome assembly factor 1 [Source:HGNC Symbol;Acc:HGNC:29564]",9.09771975706308,6.45626045472585,11.1996958893938,11.0763985615866,7.98274266297536,10.0328488654824,10.3216825415842,11.2752401750375,8.92368894831507,9.6096449151907,10.8655429100268,11.2609420348796,7.08997524552123,9.84838477939657,8.71820276160204,11.9456608892726,8.47993391098468,13.5273001811625,6.00370771070771,10.3296807013338,6.85750245507725
"152","PHKB","ENSG00000102893","phosphorylase kinase regulatory subunit beta [Source:HGNC Symbol;Acc:HGNC:8927]",11.8719634672616,13.1221713780719,12.3632079549436,11.7833470168986,14.0037503348209,14.9182167570921,10.882861123199,14.7997559243209,15.1747896952798,11.9785220880241,15.6970500705173,13.6512646333455,11.2914293011861,13.074355383494,14.1035677219142,16.4511714980849,8.88128818202787,13.7143222476131,4.80897774782733,11.7909647565524,9.89337918667984
"153","PIGK","ENSG00000142892","phosphatidylinositol glycan anchor biosynthesis class K [Source:HGNC Symbol;Acc:HGNC:8965]",10.2988914655559,7.87614442025395,6.8492686672848,9.228427458161,7.60779446010716,10.1447965190414,7.91409832380375,9.62678684208758,11.3217903862789,6.1927296266181,13.8207928819054,7.84827484688472,8.60939557897271,8.9993590076325,8.13664429770042,9.96662975665574,8.77308714495594,12.3349171294341,4.70053426586844,8.58102621197487,6.21418388643985
"154","PKN2","ENSG00000065243","protein kinase N2 [Source:HGNC Symbol;Acc:HGNC:9406]",15.5989717965234,19.3769582637603,12.4908942641066,19.3127534941689,18.1029956174712,30.9770432519442,14.8146543136328,19.2473622252083,24.587205234343,12.9240694327523,20.3803938515572,28.4819442916753,24.3757194221214,25.1969599047581,18.486476719717,30.6159239722434,12.7688094225582,16.8919977626194,8.07709682021492,13.7897376833538,17.3752744076074
"155","PPP5C","ENSG00000011485","protein phosphatase 5 catalytic subunit [Source:HGNC Symbol;Acc:HGNC:9322]",18.4314047735144,14.4430805505656,15.679903597077,19.9546014150734,15.7168127681697,20.1901836645295,19.9294282763433,16.3636043001914,23.6454112052256,17.5391975132336,21.2108730675034,21.0651339650371,16.3505279088634,18.4398921140612,17.3405954224294,20.9588251680189,22.1728070887109,17.735077907368,14.8110900330486,17.8507735981343,23.3439308165725
"156","PSMB6","ENSG00000142507","proteasome 20S subunit beta 6 [Source:HGNC Symbol;Acc:HGNC:9543]",102.220782287313,75.5179364153046,76.7382886679391,75.7328730429834,99.1321052375369,56.2574110472441,111.722550457609,63.9774144330705,89.1658024749995,125.411378356092,105.903868644356,59.8079070135537,60.4937072702999,57.2312463100286,92.7789171075991,79.9472383598555,152.025282422667,70.3581441944197,76.8069871100125,65.6396012282351,55.836158845045
"157","PSMD8","ENSG00000099341","proteasome 26S subunit, non-ATPase 8 [Source:HGNC Symbol;Acc:HGNC:9566]",87.0165213895169,51.214082429229,45.2804548496227,56.0749895370909,75.6303994532031,58.4747880180281,58.3440424165365,47.9772681277377,64.2137970384613,68.2181452522283,68.166923670983,53.5672452953772,49.6537388560361,53.225325846744,60.3337626641448,62.1693997197489,118.189129887666,45.0700274176206,59.8470510032975,41.6352839550417,43.7585777802671
"158","RAD52","ENSG00000002016","RAD52 homolog, DNA repair protein [Source:HGNC Symbol;Acc:HGNC:9824]",11.2680361730947,8.88696307420095,15.3099691233219,7.04462626040988,9.97693297674675,10.5591333178278,26.7224899347118,12.8608322803595,10.0426961571782,13.5854425934616,15.3979358735721,10.5335467425413,7.98416541503874,9.12466709830206,17.8006678261281,8.94424387492682,12.9700735245906,17.1992938915221,6.17286547900861,15.5888398090406,8.8631347518573
"159","RALGAPA1","ENSG00000174373","Ral GTPase activating protein catalytic subunit alpha 1 [Source:HGNC Symbol;Acc:HGNC:17770]",4.63872921273226,4.87441429855567,2.97342158382159,4.37188878715932,4.99980139507435,5.68017307582901,4.16150570778638,7.53026853782257,6.16810874723139,3.67557581742484,5.17290159465522,4.44421225187211,5.04616829866716,5.21476006087425,5.45504496714619,3.98588316490001,3.09538517709389,5.04997469499998,2.06519273435848,4.12687791563602,4.32019320992883
"160","RBM33","ENSG00000184863","RNA binding motif protein 33 [Source:HGNC Symbol;Acc:HGNC:27223]",13.6837175155616,14.7895028855618,11.8687557494309,15.4352531808291,12.2747527679861,18.3833506151828,15.8717077932,20.662102461685,16.283195837618,11.142704562339,16.2246767972589,14.0283959945625,17.5283340467926,14.1469613784157,16.2746359723135,14.8100631625312,15.3051875037002,16.1015044699725,7.11694153519436,16.0536223186828,28.2011561247215
"161","RIOK2","ENSG00000058729","RIO kinase 2 [Source:HGNC Symbol;Acc:HGNC:18999]",9.33315136577997,6.69825695773185,6.24518330144017,6.67767170908287,9.06961428638297,7.18184910747058,5.80412875403939,7.79577125262774,6.56447107196382,6.63970976855606,8.26069933870019,6.82029123185059,5.7828021268409,6.35425983090489,6.68815126899915,5.66519654518302,9.34004112495929,6.22522862303823,5.38794514889672,5.11182660211211,6.46321883043415
"162","RNF111","ENSG00000157450","ring finger protein 111 [Source:HGNC Symbol;Acc:HGNC:17384]",10.948421910018,8.20430119997821,5.70583995680029,10.354116298799,11.8933547226239,15.4450465751944,9.4705843778679,9.82903785508967,13.2430451177807,7.42741364629291,11.9483952053091,14.7842530651642,10.6300736265025,11.1511878101068,9.96290543841972,14.495614317606,9.39197062229469,9.56550931352403,5.34724232419943,8.48601656089381,9.02626954312267
"163","RNF139","ENSG00000170881","ring finger protein 139 [Source:HGNC Symbol;Acc:HGNC:17023]",23.3653451232961,24.772296847835,12.8865188977531,20.5497990090058,23.3009838103171,20.7892229052934,15.9647245553265,20.6870548608188,21.0654230770035,27.3803120149231,24.9080606220963,17.3109724860613,29.4359171197079,20.4198688253684,25.9907761281885,24.6459764491697,16.569843415882,14.4449538521146,13.7795592272582,14.5514920139627,16.7487445966832
"164","RNF139-DT","ENSG00000245149","RNF139 divergent transcript [Source:HGNC Symbol;Acc:HGNC:48940]",1.17243046991678,0.725495089957377,2.06505586022916,1.11216227249452,1.28592809262876,1.96519296332141,1.73190983785802,2.6294669098456,1.35353886034117,1.20539773911488,1.73501296741038,1.95225283833876,1.61239556157199,3.5630970385809,1.9601403882869,2.01501023234987,0.803043121509633,1.35933066820371,0.616096551785961,1.07490494835873,2.57570090592283
"165","RPS16","ENSG00000105193","ribosomal protein S16 [Source:HGNC Symbol;Acc:HGNC:10396]",433.095564105501,347.806859191401,464.772873521751,449.564980939518,488.916243219869,371.646885369215,454.00185646743,319.20984441483,450.210249183772,453.006650299661,349.811494048326,335.957893614428,376.806402502293,419.060604280829,424.514275622114,335.233400934561,719.183265121014,351.481853479949,387.020642568938,379.713228314709,475.859016409309
"166","RPS6KL1","ENSG00000198208","ribosomal protein S6 kinase like 1 [Source:HGNC Symbol;Acc:HGNC:20222]",2.15518435750841,3.56599060808111,5.49282417337558,0.555928060682601,2.95306865896102,0.452258998541153,2.90714905860679,3.02940652547384,2.52278188048882,4.17694301674943,3.98767864137625,0.753879069611851,0.721968051039667,0.581564102490176,3.00444218751988,0.314048769711173,2.14303990188696,0.927235009972666,2.1353117466886,2.68025364499645,5.87396445717755
"167","SARS2","ENSG00000104835","seryl-tRNA synthetase 2, mitochondrial [Source:HGNC Symbol;Acc:HGNC:17697]",9.51073891711127,10.2814724656633,16.239091037655,18.7722200977009,7.34735968719376,20.2784974489251,12.1004455683376,8.57009823752433,16.149127871939,7.38013800941323,15.2334950941101,22.4016245621454,21.3968385170308,20.1223920925123,14.1893226990506,29.6817838606255,10.2498592236064,11.684101305278,7.8203149949881,12.2172897271806,8.84303177616724
"168","SELENOF","ENSG00000183291","selenoprotein F [Source:HGNC Symbol;Acc:HGNC:17705]",74.2861209593911,53.8769133414779,71.556761501397,105.356251349504,78.0637753676814,115.050180680659,50.3671201090508,53.7002916499469,85.1048857863112,46.9338876547277,78.7174526408836,91.5361326871473,86.5733782980266,94.561467917424,52.7469473788789,125.156695598634,171.595016443918,126.876799615955,89.5681335949865,117.959969257065,51.8035998743216
"169","SENP8","ENSG00000166192","SUMO peptidase family member, NEDD8 specific [Source:HGNC Symbol;Acc:HGNC:22992]",1.82898099594792,1.60452875747708,1.08616565231629,0.733783697690712,1.39610448234374,1.16017060077603,1.10235899288193,1.38256378097869,0.896428134448074,1.96332011754312,2.22875146566865,1.38689294247654,1.01985789012524,0.979993275088945,1.27550746958011,1.78071588202862,0.952552007617139,0.761460845663274,0.635769771109274,0.702148740883284,0.643164929498429
"170","SFR1","ENSG00000156384","SWI5 dependent homologous recombination repair protein 1 [Source:HGNC Symbol;Acc:HGNC:29574]",4.94161326042793,3.72994324346027,4.26326966463135,5.15497667293944,4.39252038913262,7.00810583987942,3.0098250592667,4.53199865285133,6.38614605248817,3.5923188323965,5.75073301241543,5.96958322721791,4.55234324898108,6.05530291013326,3.35670445715736,7.12080218145729,6.48765571366421,5.62243889588961,3.76062358944145,5.27600698625541,5.86105225576286
"171","SLC31A1","ENSG00000136868","solute carrier family 31 member 1 [Source:HGNC Symbol;Acc:HGNC:11016]",10.2142621237762,6.15596912532846,4.50815945774869,10.9191796898749,9.01752352733161,15.2430206412586,5.94669983721791,7.39964842014861,10.6695076980982,7.59173939177791,9.9748198968882,10.757315845639,11.5687791156084,10.0889657782142,8.06708984577924,15.6089204785985,12.6960434187763,8.63108261182073,7.15962929719734,7.80752235634563,6.26774925462345
"172","SNORD13","ENSG00000239039","small nucleolar RNA, C/D box 13 [Source:HGNC Symbol;Acc:HGNC:32711]",0,0,0,0.598770367395273,0,0,0,0,0.674341296451548,0,0,0,0,0,0,1.39400319282634,0,0,0,0,0
"173","SOX2-OT","ENSG00000242808","SOX2 overlapping transcript [Source:HGNC Symbol;Acc:HGNC:20209]",0.0685546972598298,0.0644375104364699,0.260233944157386,0.0471996853530382,0.0641164959584268,0.221854661665842,0.116210027736227,0.097166032948182,0.0945009194286151,0.0391568717022935,0.0560154398766665,0.101219141801123,0.0551347747055305,0.103310306728363,0.0576271015320472,0.115990833292271,0.0792025073482199,0.0842205884019586,0.113100418438515,0.135054220463504,0.0865558255834838
"174","SUGT1P1","ENSG00000226823","SUGT1 pseudogene 1 [Source:HGNC Symbol;Acc:HGNC:19384]",0.570040949063879,0.66975752706814,0.649163414480001,1.30823777750228,0.436202792022743,6.38567126523968,0.69021502067825,0.855474153653025,2.65203131713718,0.279080849095458,1.39732633003264,2.38467478124314,2.33810826733382,3.29297985389,0.638902150879112,3.65486551396486,0.564496141808381,1.57568581935639,0.417975215854009,1.03660880011871,0.57577808009988
"175","SUPT5H","ENSG00000196235","SPT5 homolog, DSIF elongation factor subunit [Source:HGNC Symbol;Acc:HGNC:11469]",40.0295422009302,32.3641720579927,32.9053721873085,38.6947662634563,36.9964590271141,35.5232527421852,44.0740635981989,38.6943633388428,41.0246325971962,38.7612290410358,45.8788811694051,39.9861643874462,37.0200475661188,42.5621623144091,43.6139454384838,39.2475025909329,43.1839548483412,34.5994344500341,21.345762065211,32.2068595259105,44.6787796321949
"176","TAF13","ENSG00000197780","TATA-box binding protein associated factor 13 [Source:HGNC Symbol;Acc:HGNC:11546]",32.5607390105288,18.9005574138629,23.1309907847514,14.0112265970494,40.3400342062633,14.570682789218,19.4309332621341,16.9669040474517,17.282404083344,19.6891539036846,23.4906081926599,12.5433893493389,12.7660711396427,13.824788464853,28.1308617032073,16.1545055717247,66.1674152620694,24.956237235573,36.3095070012378,15.9041705158213,12.5778721597819
"177","TAF5","ENSG00000148835","TATA-box binding protein associated factor 5 [Source:HGNC Symbol;Acc:HGNC:11539]",6.64233761944691,3.92164756179751,3.38502567731664,2.2675587719963,5.12516034462299,3.57573274411775,4.92612458454697,4.40267277608293,3.30485012361322,3.76007643380447,5.42739561889464,2.69698836948428,2.38389741332812,2.35648449232392,4.60642976714003,2.97228098152202,5.7966222542245,3.8442298157064,3.7745668819717,3.17072875336188,5.91247270868782
"178","TAFAZZIN","ENSG00000102125","tafazzin, phospholipid-lysophospholipid transacylase [Source:HGNC Symbol;Acc:HGNC:11577]",18.5213198936364,21.0825652989876,36.0382086384325,26.2094257321539,14.5575867612657,29.8170525283133,29.1310797806007,31.1952398076425,27.8683932012037,22.848569613553,28.2086999985445,29.4182290319001,22.5619276057317,31.3107695704632,23.9151861030718,30.8470081652578,35.5724639245909,30.9135028027581,17.6262299933758,28.3894894933591,31.4504598283407
"179","TBC1D23","ENSG00000036054","TBC1 domain family member 23 [Source:HGNC Symbol;Acc:HGNC:25622]",13.6509806223192,12.2142622699532,13.5606820635322,12.6038381669364,16.2045510896168,15.8540159979971,12.1041918363154,14.7212843941125,13.000381588247,10.3076308343546,14.5718256025188,13.1655458317394,11.2996501712325,12.1715920114321,16.5799311456754,15.5271671423869,19.9393406932184,15.4199516861357,8.96034368987032,13.8083793950023,15.4853999437389
"180","TBC1D8","ENSG00000204634","TBC1 domain family member 8 [Source:HGNC Symbol;Acc:HGNC:17791]",11.3958086711117,8.32169839900664,11.6631519622833,22.2134869432491,9.43471193147168,38.9594898780162,15.9857919475773,14.7327876604406,23.8423821564627,9.21966494608786,19.6829647494276,24.1615407022936,29.8238698988803,27.972165014549,15.4202159755379,37.1456771182979,6.81776534255734,9.14211344543992,3.57164327484403,11.6401025646497,26.3162092848835
"181","TCEA1","ENSG00000187735","transcription elongation factor A1 [Source:HGNC Symbol;Acc:HGNC:11612]",29.9610424077629,30.2846301385576,23.2783677889646,23.5547989601837,30.0984866504662,26.8042950697831,30.7334066783909,31.2821288666493,27.1948174746558,31.6986539235567,38.8011868155394,22.3073767758418,23.5473716871418,23.2158890080188,39.9175644626944,25.8428931656739,33.7777102475511,20.0884773984401,18.0367429556716,22.2544530478033,23.4030641064742
"182","TGDS","ENSG00000088451","TDP-glucose 4,6-dehydratase [Source:HGNC Symbol;Acc:HGNC:20324]",8.85600117931531,5.3195666205514,9.45266179805501,9.6931879637971,9.59702303489306,13.2013839600066,5.58357025611637,9.43698023496732,8.28900634155043,6.74731041648556,9.07731393177894,9.87765637468188,6.24579249782955,9.87114218884855,5.96135931200722,9.18351427456395,9.10716081390277,10.8153678899869,6.83935961546514,8.6239926403078,8.91866680040383
"183","TIMM23","ENSG00000265354","translocase of inner mitochondrial membrane 23 [Source:HGNC Symbol;Acc:HGNC:17312]",57.0101591718035,42.994267806346,47.7410286933063,44.7931193991868,62.0745367668022,46.6522116163384,41.3500928034615,41.042690969122,42.7561077324599,47.9950546324115,50.1960071348697,35.5710735781505,40.0195356133831,38.5367452366784,39.2590209552877,53.7432720298155,91.9671386122792,36.3147012758924,54.7048151577961,35.5835905425365,33.361675091221
"184","TIMM23B","ENSG00000204152","translocase of inner mitochondrial membrane 23 homolog B [Source:HGNC Symbol;Acc:HGNC:23581]",10.2107465810722,8.47085475465186,6.22857001767565,8.96588089398158,11.9578943404769,6.85187355947329,4.94533641779155,8.26137212781678,9.40900290598626,6.80296098577129,8.94768445481926,6.37994143044629,5.95544330920369,6.84625728443906,8.53339957213112,7.73270357486654,6.90214752448036,6.15613987385761,6.10345026422944,8.47671921301261,11.0533941836452
"185","TMEM177","ENSG00000144120","transmembrane protein 177 [Source:HGNC Symbol;Acc:HGNC:28143]",5.26847351648335,4.26222510347815,4.46548175036274,4.69206454821335,4.81373714844263,5.32435361961045,4.13851646247172,4.6940893732517,5.12165862559955,6.36494128168868,6.19666114038003,6.14044541816238,4.022124422786,4.8979783674485,4.67104621204933,5.6858955577569,3.89345291007713,4.51619481428874,3.03661901409856,4.12300335549534,3.62709043271575
"186","TMTC3","ENSG00000139324","transmembrane O-mannosyltransferase targeting cadherins 3 [Source:HGNC Symbol;Acc:HGNC:26899]",5.70305469225857,7.44907118736389,5.7777050068336,8.06554390343168,7.30175810559957,14.4919673323429,4.58264339483267,7.28046217076403,9.41850565219949,4.75020210896585,8.1699822544832,8.09233707667931,9.52475168054864,9.12454056558564,7.57491877260385,17.6397434183277,6.27101514380169,7.79678103034972,5.53259537458729,5.37064373704195,5.19936957714324
"187","TOMM7","ENSG00000196683","translocase of outer mitochondrial membrane 7 [Source:HGNC Symbol;Acc:HGNC:21648]",126.604434473644,120.348274863856,182.718702736627,162.775262731633,191.268571834128,97.2881471555911,218.665479444234,178.21547643674,127.085798457247,149.722811255503,122.229123462445,115.695540843042,124.01721498395,139.531159870611,136.25363734185,97.0786689510246,199.606931852457,137.997442211724,70.9868004945066,144.772986307841,190.839688121649
"188","TRAPPC5","ENSG00000181029","trafficking protein particle complex subunit 5 [Source:HGNC Symbol;Acc:HGNC:23067]",11.3915680080347,9.66142659014745,11.0758798326745,9.27106505000662,7.86237129874873,7.98305905376311,9.26108087932386,6.967534419204,11.1215759133946,8.07271755095632,12.658290516371,11.6958013084643,5.6470944428179,10.7833617935463,8.26143645581979,15.9450949083844,19.3147498018295,7.90511208119865,13.4503377496206,5.67931429227148,5.34217242143121
"189","TSEN2","ENSG00000154743","tRNA splicing endonuclease subunit 2 [Source:HGNC Symbol;Acc:HGNC:28422]",5.90128681114003,4.91680263703893,5.96520121951603,8.31833306587173,5.37370229758504,7.95011878259504,6.12212319453056,5.71252036748505,8.22965309027511,5.3446420311685,7.88977190602122,8.88393400063615,6.28446534816107,7.07118669755153,5.67503398073087,9.40158850005696,5.40529709530439,4.27931096119777,3.14215284027042,4.42968713747569,5.06597332836777
"190","TTC23","ENSG00000103852","tetratricopeptide repeat domain 23 [Source:HGNC Symbol;Acc:HGNC:25730]",12.9093691181138,25.4089534179201,16.62618584495,11.8304869987376,15.1637940016702,9.77816010556689,22.5832786342855,25.0474334962055,19.1869183971497,34.226170286986,26.1329216755169,9.54645668769617,9.79662800366285,10.8189259752256,25.2771638860169,8.99617284947592,9.37478612083919,10.8372396946777,6.14861394304434,12.8713664423979,12.9278474588464
"191","TTI2","ENSG00000129696","TELO2 interacting protein 2 [Source:HGNC Symbol;Acc:HGNC:26262]",8.7725818627372,4.83266065954614,5.63551337459047,6.22426193373845,9.91770725143766,7.31137344949796,6.31872070280416,5.72261282888943,7.52476720948018,5.86810120738991,7.94693955538118,6.70555637207923,5.25659016426637,5.87558813466105,6.24874147708459,6.28391017666294,10.3896972267892,6.66176974787105,5.60771864681063,5.0692429160708,5.35547257354863
"192","TUBE1","ENSG00000074935","tubulin epsilon 1 [Source:HGNC Symbol;Acc:HGNC:20775]",10.6621283150305,13.9354132888535,13.6309980146231,10.1360754578141,8.65507745544548,9.35747030131283,13.0135375056065,21.9963878659061,14.3421069308691,12.2593056880874,14.5304838292777,10.9066467981365,8.71266387758526,10.1253088822595,14.4469950724027,8.39960392224173,9.63359255344864,10.4424304969871,5.74927217172256,10.7116490446226,19.6915607959127
"193","TXNL1","ENSG00000091164","thioredoxin like 1 [Source:HGNC Symbol;Acc:HGNC:12436]",12.8668908397436,12.1957285114757,9.93356774811726,7.50153592517229,14.9411618055671,10.2592758997424,13.934987966427,13.4197428366107,10.4595121959789,14.1684540116988,16.7848462532518,8.82950216400804,9.23074713720639,8.74047440772289,14.1520389071122,10.4324444998985,20.6139021697919,8.76845402778975,8.47914778035438,7.79576060461022,7.63530250828856
"194","UBR1","ENSG00000159459","ubiquitin protein ligase E3 component n-recognin 1 [Source:HGNC Symbol;Acc:HGNC:16808]",12.6267974607711,10.327110581752,7.45115102729853,10.9327459748666,13.7613017812106,11.926723302246,9.59020678731437,12.5030086634928,12.6516425505894,10.7713738674857,14.6198191668864,11.1239986370802,9.90446024284762,10.0152481381115,15.75265765498,11.2733408889647,6.33994896253626,8.59971906660149,5.99694235212456,8.47392193795671,9.66202942633361
"195","USP48","ENSG00000090686","ubiquitin specific peptidase 48 [Source:HGNC Symbol;Acc:HGNC:18533]",14.0712540474934,13.8371326803163,12.3249316909331,14.661520092194,15.0562916331416,19.8719716990814,17.809160966526,19.5163167120524,17.3981048564541,15.6523891529537,18.6216665859116,18.8704937517094,16.9992312986065,19.2818819164109,17.7804780009686,19.1352882204499,13.085587619155,13.7021784855604,7.16992317468595,12.9435294986708,16.4205578947638
"196","UTP14A","ENSG00000156697","UTP14A small subunit processome component [Source:HGNC Symbol;Acc:HGNC:10665]",15.7844296952802,8.76771106342316,8.64932817163194,10.6808795851688,17.5948289400486,9.7014010796463,12.4760882543699,11.1424444490727,11.7715207864055,9.81610722269887,11.9525097783256,10.3579023040441,8.82611557338542,9.9215726877238,9.82224123905954,9.36475450507463,19.5591628679924,8.25818210193636,10.2715338339891,6.42890219148738,8.51650024423733
"197","UTP25","ENSG00000117597","UTP25 small subunit processome component [Source:HGNC Symbol;Acc:HGNC:28440]",6.65534894482425,4.60877866544576,3.15076993869935,5.08931729388242,9.03823171417466,6.79628420550258,4.31892603301507,4.85983411999097,5.81274918606655,4.60262847522292,6.73788290401331,6.07476135483988,4.915074935147,5.81931611268543,4.62360481952213,4.4431836539276,7.08264212774344,3.67447422343486,3.60004115898775,3.45364764029527,3.49983842635885
"198","VAMP8","ENSG00000118640","vesicle associated membrane protein 8 [Source:HGNC Symbol;Acc:HGNC:12647]",26.243188217661,22.2841183187908,41.3250872451761,105.04488627193,20.8331628427078,181.760714866103,21.3718457877569,25.8445366702597,95.7755363752114,17.9806998774795,50.3884343254195,160.452481341584,112.352006559196,156.67700229196,25.9574972855148,264.691636553026,53.1293505103834,69.5100270593451,45.5187675980648,31.6490278710991,13.0806311106327
"199","WDR7","ENSG00000091157","WD repeat domain 7 [Source:HGNC Symbol;Acc:HGNC:13490]",4.22725281852634,3.74586243684782,2.20912452592177,3.01559894475101,3.59857575434998,3.43885708378434,3.70536484785166,3.50711333821417,4.87533202883767,3.70323606627559,5.04333838654065,3.03349352190251,3.08271544970507,3.02234322082197,4.51021603120593,3.58884318866799,2.26427912724477,2.77185765902837,1.65437647880842,3.46630516257358,2.75484900322543
"200","ZC3H10","ENSG00000135482","zinc finger CCCH-type containing 10 [Source:HGNC Symbol;Acc:HGNC:25893]",6.01890236021855,3.87959263198213,4.49775755529697,3.02384694989881,5.29875074014772,2.89688974631966,5.68272684510785,5.20393229054637,4.88865571246066,6.17598269384143,6.35649940261436,3.44741028157975,3.17125270663897,3.03552550310403,5.49739672072589,2.66349475831611,2.77779587740065,3.33778311482127,2.60330806405669,3.24277049918988,4.60615661408826
"201","ZC3H15","ENSG00000065548","zinc finger CCCH-type containing 15 [Source:HGNC Symbol;Acc:HGNC:29528]",38.4650863511046,27.5447159612152,28.0425300188632,32.9195325700631,50.2526088861239,37.6313454097377,33.8950571485869,29.1233514593698,34.1344011641253,29.4378944919475,36.5613104698916,31.0457948160306,32.0526586152259,30.1824339487314,34.9370096482644,40.1758411387877,69.8620425102053,30.7810855085599,35.7484505094926,28.5594846590146,25.6749118988282
"202","ZEB1","ENSG00000148516","zinc finger E-box binding homeobox 1 [Source:HGNC Symbol;Acc:HGNC:11642]",40.6146597628922,39.642336341098,21.2907588478981,18.4728618872338,53.4723773150629,9.13630839059031,29.3371226611116,35.3303902546473,46.1165251558967,49.0979678485195,51.3476592409015,11.9029732202258,20.9418816323648,17.2227398102402,67.8726805412175,14.8998796758326,27.9572424451688,16.7997253977044,17.785304482513,23.5803335801801,31.7715675877912
"203","ZEB1-AS1","ENSG00000237036","ZEB1 antisense RNA 1 [Source:HGNC Symbol;Acc:HGNC:42354]",4.58606945734738,3.41189973851783,6.04936932835709,3.49478084441616,5.40173376593099,2.69761690829128,3.37890070055029,3.77337568478956,5.29052519085036,4.92394485827726,3.72312350379764,4.2527011499486,2.39242610492001,3.55783689228976,4.28669822140347,3.670765912094,3.87514592362794,5.35127198304348,2.77842778567951,7.06779957282713,4.04201923419634
"204","ZMAT2","ENSG00000146007","zinc finger matrin-type 2 [Source:HGNC Symbol;Acc:HGNC:26433]",69.2200221100852,54.6823754748799,69.84941018532,88.0813680849586,83.6106707114027,77.4619358259013,84.4926793745953,75.3210685197026,80.1945128530636,70.9666250971391,80.2655501307345,75.0251324112079,71.2116551090612,80.4114138004032,61.4276915659798,87.1298154562583,82.3005467676259,67.2967992998812,46.307824783852,57.8318443203093,52.7872835422255
"205","ZNF330","ENSG00000109445","zinc finger protein 330 [Source:HGNC Symbol;Acc:HGNC:15462]",39.9359090289165,29.6679343693717,28.9019019997541,27.9684316404474,39.4359890127606,20.2159205870211,27.3353453536438,25.7714962108769,29.0647480549448,35.4368850712243,31.2106280119752,22.1955297856715,20.9102111605406,21.1491868232314,31.9587119272945,23.4386025796984,33.7464519223192,23.4876185220492,22.4374897419169,24.053534364111,28.4769485309967
"206","ZNF862","ENSG00000106479","zinc finger protein 862 [Source:HGNC Symbol;Acc:HGNC:34519]",10.3401911893361,10.4301665432416,10.3880315482668,8.11088799449597,7.76672093462527,13.5573179165781,13.4846563517942,13.654030493228,8.58549260564078,9.60468494677017,9.97647166288022,12.0947989260773,12.8837254133085,11.075444954968,10.8226841216533,13.895714863533,8.71761503172787,11.2177740101882,2.91472017072287,10.4845663616752,14.5894515776673
"207","ZNHIT6","ENSG00000117174","zinc finger HIT-type containing 6 [Source:HGNC Symbol;Acc:HGNC:26089]",11.6579215232549,8.1694638957638,8.55651224079226,12.721720453886,13.6255008005727,10.4638313928386,8.58864945530761,9.17751530854575,9.94764950079308,8.27451974978265,10.852309775643,12.0784528051734,9.2437715910406,10.1065331696617,9.91313855273977,10.9252778875568,15.2301004404796,10.3985432462491,9.09381062255099,9.30597693603423,9.17695674866309
"208","ZZEF1","ENSG00000074755","zinc finger ZZ-type and EF-hand domain containing 1 [Source:HGNC Symbol;Acc:HGNC:29027]",16.4866340011376,21.1144287291392,11.0343879746087,13.80905203516,14.4498012689333,14.5702087636566,16.4084949883724,18.8796612111334,19.2709227829376,23.5348222678315,21.0240595904364,13.4441710365134,17.3913552591758,13.6532506110359,22.2179249042329,12.6048511399712,9.83637549029058,9.72685139807548,6.78829341465681,11.393262995309,20.8815106073054
