"","name","target","description","Tissue","GTEX.S341.1326.SM.4AD72.1","GTEX.T5JW.0726.SM.4DM6D.1","GTEX.P78B.2426.SM.EWRM2.1","GTEX.PLZ4.2226.SM.EZ6KS.1","GTEX.N7MT.0826.SM.EV794.1","GTEX.OHPN.2226.SM.E9TI7.1","GTEX.Q2AG.2326.SM.EZ6KY.1","GTEX.ZPIC.1326.SM.DO91Y.1","GTEX.TML8.0726.SM.4DXTT.1","GTEX.TSE9.2826.SM.4DXTF.1","GTEX.T6MO.1426.SM.4DM73.1","GTEX.S32W.1526.SM.4AD6Z.1","GTEX.U3ZN.1626.SM.4DXTZ.1","GTEX.S32W.1626.SM.4AD6G.1","GTEX.TSE9.2726.SM.4DXSQ.1","GTEX.S341.1126.SM.4AD6T.1","GTEX.S4UY.1426.SM.4AD6Y.1","GTEX.T5JW.0826.SM.EYYVD.1","GTEX.P78B.2326.SM.EZ6KO.1"
"1","SET","ENSG00000119335","SET nuclear proto-oncogene [Source:HGNC Symbol;Acc:HGNC:10760]","CERVIX_UTERI",89.8959297909707,80.4052603648051,82.9294268637997,108.247758338186,99.3751409767285,88.0944954912665,96.6150907128855,110.501193244104,90.3020343661704,112.905609395491,77.0538952566613,123.670751671879,67.4282848683669,123.094459130195,132.910223812946,102.214416671719,105.721545883052,103.666107370772,86.1463626775707
"2","HOXA9","ENSG00000078399","homeobox A9 [Source:HGNC Symbol;Acc:HGNC:5109]","CERVIX_UTERI",17.6615805975643,14.3053812203928,52.4692226444614,15.3544913730838,16.1328361682186,16.2809529774904,8.0700422656777,21.3332221436765,19.4455077976597,9.20390575019732,15.2206046930466,10.0016626501192,18.737153994068,11.8224458696009,10.2309907607038,20.1666032490819,21.3528137582109,16.8299543251388,32.7080125795359
"3","HOXA10","ENSG00000253293","homeobox A10 [Source:HGNC Symbol;Acc:HGNC:5100]","CERVIX_UTERI",59.5163554082607,17.542400318853,103.377919602273,33.611157843235,37.2272484950397,27.6036661024403,40.8559425652371,74.5721483159711,63.4930286663638,25.1918504963516,46.0834870114292,36.9908013343198,9.42830330133627,41.8542115908989,30.8076790024041,81.3158238737518,64.0443686974053,50.7697357580675,89.4474734151419
"4","KMT2A","ENSG00000118058","lysine methyltransferase 2A [Source:HGNC Symbol;Acc:HGNC:7132]","CERVIX_UTERI",15.9191180288498,7.08559398282866,17.011972361445,17.9567113276027,20.1940696412545,14.3689674243783,14.8294752215626,18.6704675554223,12.9042571182735,17.0291929214633,14.6718542873832,11.443159129101,7.58951102714622,14.2704327054825,18.395849734975,16.6017834847568,15.6846989799691,12.8447169158996,14.6536366877697
"5","PHF8","ENSG00000172943","PHD finger protein 8 [Source:HGNC Symbol;Acc:HGNC:20672]","CERVIX_UTERI",20.6216008201158,11.2545278995846,21.4663104686947,16.5609550552861,22.9570992326946,17.9036370898961,17.7691664520038,14.2312715237223,12.4724610541144,25.6210462109719,19.8861845198575,14.7954907561169,7.88194968316076,15.8015919248273,25.444658227765,15.4136601510773,14.6442177303263,18.032862226063,16.1480213946442
"6","PHF6","ENSG00000156531","PHD finger protein 6 [Source:HGNC Symbol;Acc:HGNC:18145]","CERVIX_UTERI",8.59688000068159,5.82774416719109,8.5783788176759,5.80199031550286,7.25622300721564,6.72392841540843,6.79046305959133,7.0490041918815,6.78562238704942,5.24383970436599,6.99692447788379,6.9186652249759,6.77618618870776,8.28113922420552,5.81300646280101,6.97973377371237,8.3909241140057,6.29481796839203,8.38705467924655
"7","HMGA1","ENSG00000137309","high mobility group AT-hook 1 [Source:HGNC Symbol;Acc:HGNC:5010]","CERVIX_UTERI",43.7820109562186,152.161564645681,13.1890568228123,16.6274847426376,13.0070111770183,14.6473076492858,12.5982765443398,10.2110013848005,8.64873792445106,28.151078329449,34.4191311851628,10.3376810774936,595.356790026116,11.040600751972,27.4732555338629,9.55158227108967,27.7607952755563,17.4811393027217,8.46762813277141
"8","BMP5","ENSG00000112175","bone morphogenetic protein 5 [Source:HGNC Symbol;Acc:HGNC:1072]","CERVIX_UTERI",0.231726196367922,0.0335813837385298,0,0,0.0665976830859919,0.467709653859985,0.0850207925439909,0.183304842735006,0.0786488563542339,0.109652476809857,0.0185761025680934,0.0877087873915215,0,0.0726355312629735,0.113920328497069,0.484838142730561,0.138693287401403,0.0187489450627168,0.0598304777276085
"9","PDE4D","ENSG00000113448","phosphodiesterase 4D [Source:HGNC Symbol;Acc:HGNC:8783]","CERVIX_UTERI",2.92007973132165,2.82386737193588,1.0833961781788,3.71465720139726,1.7107290052072,4.0621931386828,2.29214138152386,3.23830462569472,3.90240694100246,3.23300434855454,2.48490569393587,9.82402097472967,1.96227319609993,15.1730404741965,1.84045923563247,7.73105754088076,5.18558062261444,3.25316500586862,1.37257406643325
"10","RUNX1","ENSG00000159216","RUNX family transcription factor 1 [Source:HGNC Symbol;Acc:HGNC:10471]","CERVIX_UTERI",13.6812590594608,9.08390445729793,4.05315194546468,2.80060442667768,2.11808056968871,6.80298136662214,2.38938234004264,1.12565698416769,3.3429046457075,0.72808756443807,8.85252075906124,5.47068552755771,4.26598391699922,4.34988610595223,1.00214388029029,2.09152213825671,3.79595555978656,7.55040988949716,2.6265479838484
"11","TCF4","ENSG00000196628","transcription factor 4 [Source:HGNC Symbol;Acc:HGNC:11634]","CERVIX_UTERI",17.4415848017966,5.77534153210741,32.4246620549274,12.0445484890121,17.6200410789324,10.0801871014739,20.0734372277034,10.9282674291209,14.6346224047258,9.18507484176423,15.8522803978286,9.32205856058773,3.3300095665304,10.0987297520733,10.9932380128206,17.4008848477357,14.0155093404759,15.1024706337474,21.1996144066722
"12","BCL11A","ENSG00000119866","BAF chromatin remodeling complex subunit BCL11A [Source:HGNC Symbol;Acc:HGNC:13221]","CERVIX_UTERI",1.25749160269007,7.58250403030919,0.921099467876286,0.737326796971098,0.125704617817715,0.114765617560409,0.0601794935165108,0.752532588042039,0.937099949597169,0.370823946251937,0.990524367814793,0.240050834755045,7.10596050362069,0.342752978568682,0.259824497679443,0.549085709393532,1.32763247415043,1.06167160675138,1.10108082044189
"13","DNTT","ENSG00000107447","DNA nucleotidylexotransferase [Source:HGNC Symbol;Acc:HGNC:2983]","CERVIX_UTERI",0,0.0336495001355654,0,0,0,0,0,0,0,0,0,0.0351546782729506,0.0325201633307159,0.0727828649977868,0,0.0388657269791314,0.039707032150851,0,0
"14","MYB","ENSG00000118513","MYB proto-oncogene, transcription factor [Source:HGNC Symbol;Acc:HGNC:7545]","CERVIX_UTERI",5.08489874483959,1.94492027981812,0.875844068444699,0.170761275214704,0.303458148404694,0.228819263680533,0.321138067304337,0.487958625961834,0.523409356068701,0.105187593507508,1.61713883838371,0.403859606360145,1.91466975832153,0.431132142963406,0.150262288986727,1.01856082159254,0.399137718412777,1.55125078319744,2.35316511127128
"15","MYC","ENSG00000136997","MYC proto-oncogene, bHLH transcription factor [Source:HGNC Symbol;Acc:HGNC:7553]","CERVIX_UTERI",28.2272003812921,178.219234586711,20.2050430493495,43.9927789500759,30.549569645213,52.5013795991801,14.3313155725202,44.5128904289652,41.5065735871399,24.6203243299269,40.3635620213341,135.277357429436,88.7046459273578,149.386575752815,24.578446899404,32.8434430833927,34.1545045080089,42.4921442712435,26.0796287508222
"16","CEBPB","ENSG00000172216","CCAAT enhancer binding protein beta [Source:HGNC Symbol;Acc:HGNC:1834]","CERVIX_UTERI",115.409123345269,67.0353093007432,126.967142083531,166.482334640709,137.831509176397,106.783183221972,236.069010764288,76.6271220824751,119.735726592557,490.284253591106,123.705750625077,138.472839898,43.8679047412953,185.096574723436,408.513949293558,139.219497919691,130.904097342962,50.1548466746025,82.523806793121
"17","PARP1","ENSG00000143799","poly(ADP-ribose) polymerase 1 [Source:HGNC Symbol;Acc:HGNC:270]","CERVIX_UTERI",27.0280642966112,17.4754729162684,27.8384750239969,27.6508452194295,18.8459025933879,30.2487020403198,20.3996297142222,40.1164783345002,34.9775786220744,17.3382963350246,23.470782514179,38.0422165616478,25.3155568014403,37.1182255996692,19.0807307150187,33.6229469634474,37.0158159050927,25.0534654864228,30.6185606371382
"18","TAF1A","ENSG00000143498","TATA-box binding protein associated factor, RNA polymerase I subunit A [Source:HGNC Symbol;Acc:HGNC:11532]","CERVIX_UTERI",5.21948249145405,2.15459086049377,3.72480192267093,3.1590393527997,7.00032516538849,6.56353516929946,4.7005485220798,3.35310462720179,6.38818883542659,3.2182907252435,3.87984520705116,6.41765348826988,1.99367136025404,5.00736054830369,4.84685416506722,3.70640756628622,5.22015116009854,3.19930185180729,4.24711657856112
"19","ANP32A","ENSG00000140350","acidic nuclear phosphoprotein 32 family member A [Source:HGNC Symbol;Acc:HGNC:13233]","CERVIX_UTERI",26.5747517340151,19.2631791152523,24.7613948190411,24.8050558203204,24.7703832084632,20.7184167499658,22.2917665897393,26.2823377683417,23.2785602301487,23.5705925354363,24.7661012000892,26.437977004189,21.8299614319227,27.6629686391535,26.7259345704811,24.1795928386501,29.4879031929479,27.7073620008807,23.9876860269067
"20","ATRIP","ENSG00000164053","ATR interacting protein [Source:HGNC Symbol;Acc:HGNC:33499]","CERVIX_UTERI",8.62091074592155,8.27275471989601,9.68581825012224,11.1175485023565,10.526734743722,9.82345218182987,9.68575181597438,9.1162106394545,9.61932825372749,8.07425601164159,6.35943113120725,9.47462304180238,6.13708873363539,10.2069820823762,8.47635700678373,9.33086826420381,9.12036945443028,6.74386988765686,10.8871741924035
"21","TREX1","ENSG00000213689","three prime repair exonuclease 1 [Source:HGNC Symbol;Acc:HGNC:12269]","CERVIX_UTERI",22.2083355847675,35.0045755917058,23.8674626992994,15.420208441466,11.1397297272499,14.0618551426066,17.1663235082009,19.7784626693657,19.7756227391924,11.5322934048409,21.923809824147,14.39391538756,31.2086526129359,16.1517671491383,10.79530140692,17.2081765691406,19.4582201281057,25.4792748175682,22.2061171308639
"22","NME1","ENSG00000239672","NME/NM23 nucleoside diphosphate kinase 1 [Source:HGNC Symbol;Acc:HGNC:7849]","CERVIX_UTERI",11.3651431830417,25.8633307499211,6.03173891693087,15.7332326413134,7.37474099162669,26.0645366502647,5.91277818909193,18.9006806987901,18.3752827147761,10.860974703232,7.94343971316671,46.5796419518142,18.5786047236239,41.2882501070691,9.38489671489133,11.3694121400384,16.9449932945607,20.0433748475005,11.0957749875977
"23","APEX1","ENSG00000100823","apurinic/apyrimidinic endodeoxyribonuclease 1 [Source:HGNC Symbol;Acc:HGNC:587]","CERVIX_UTERI",140.410184266513,107.944170823003,145.533668661114,124.792018504569,95.2671264055072,113.25545125951,85.514868835763,148.878832575948,125.168612352552,86.929723891861,131.527946491319,165.924265828167,76.8129016740084,145.202047217345,80.5657126985101,111.632506769364,138.087667750433,156.363418310536,102.971530261843
"24","AASDH","ENSG00000157426","aminoadipate-semialdehyde dehydrogenase [Source:HGNC Symbol;Acc:HGNC:23993]","CERVIX_UTERI",9.82225639055241,7.1575248737005,11.2641674486722,8.63285571486439,12.0079219126966,8.8010937502216,8.08599984507767,8.85679845724314,9.63382583476498,5.80402607233403,6.32542236720911,8.80341428933537,4.3680993944887,7.81785556040473,6.81994547583568,9.48570928990974,8.02539354329717,6.73453727236,10.1780890155912
"25","ABT1","ENSG00000146109","activator of basal transcription 1 [Source:HGNC Symbol;Acc:HGNC:17369]","CERVIX_UTERI",21.1425860521534,18.7887215711172,24.2741718224488,15.7445196321944,10.0255897680929,15.3687647664904,17.11913406684,22.133031040297,17.0745627027918,9.15969391001783,16.8782127781259,17.4429192815395,12.0691820817007,19.7843522122061,9.77064796409174,17.8288384305029,19.0909902548873,22.1106582506999,18.9224182174175
"26","AFF1","ENSG00000172493","ALF transcription elongation factor 1 [Source:HGNC Symbol;Acc:HGNC:7135]","CERVIX_UTERI",45.2003611648545,28.9835782432932,25.7895328757345,41.4680941410555,46.6407407847952,27.4786990930627,23.7608915167795,44.0335497801227,43.4462056776275,23.4781553272161,40.3759905554615,32.1854656048514,23.457881855787,39.5293213171321,30.8657257250711,44.8662360073315,40.3877156745162,38.8600980217783,25.8928186954796
"27","ANAPC7","ENSG00000196510","anaphase promoting complex subunit 7 [Source:HGNC Symbol;Acc:HGNC:17380]","CERVIX_UTERI",22.7840569550476,32.3225820203843,35.0622604272772,25.8211778753734,29.7109823396091,29.0746689865546,26.4624776106416,23.3637442368312,26.3672221482788,17.908870489968,19.4008085655482,28.5883530243722,24.4715500862336,25.8440822395137,20.0669138825153,24.8972462893589,24.4458401805913,30.4324364505293,34.6405157105388
"28","ARL5B","ENSG00000165997","ADP ribosylation factor like GTPase 5B [Source:HGNC Symbol;Acc:HGNC:23052]","CERVIX_UTERI",10.0749586766227,7.46006986412923,16.3222677316922,6.15899209347471,13.7156429034797,7.30519322129441,7.4708654170951,6.43280783621884,6.70578773185485,6.55399578919349,9.38573329088061,5.78993056671893,12.0577498756665,7.30005258169575,7.41387672027781,5.61297575996393,6.67027375168233,10.5233378498318,7.83128517256572
"29","ASB7","ENSG00000183475","ankyrin repeat and SOCS box containing 7 [Source:HGNC Symbol;Acc:HGNC:17182]","CERVIX_UTERI",9.44571564348631,5.00411773333431,10.1591515731154,7.08229778650002,8.04651050337476,6.15102064015226,7.75102287023617,8.7381489856619,7.04053719995066,4.63028594805706,6.99169117610526,6.57669317839177,3.90933698851371,8.92228648873925,5.57517968088402,7.81059245535778,9.16935945853884,6.837080559969,7.78382283818653
"30","BAG5","ENSG00000166170","BAG cochaperone 5 [Source:HGNC Symbol;Acc:HGNC:941]","CERVIX_UTERI",21.2686342297416,20.3061167545458,16.3190224071906,15.1556868054602,14.6967900120032,15.1349743704571,16.4463214590275,23.6800783990914,17.9115272518971,12.6745587246605,15.9193287137217,15.2301991257506,21.5955848428201,20.9941076336587,13.5807036571895,19.9932496118222,15.7763247923297,17.6840362847513,13.6968471478676
"31","BET1L","ENSG00000177951","Bet1 golgi vesicular membrane trafficking protein like [Source:HGNC Symbol;Acc:HGNC:19348]","CERVIX_UTERI",59.3869269954013,35.3399786428929,72.6978607692081,58.4223966008464,51.6226855509386,46.9265139120392,67.0397301820839,56.3355114109138,66.9975203490366,75.0812923028965,60.7344424811626,56.1876822938471,19.8623203158298,55.3442937643124,74.2207629623969,53.4600285161535,47.7749097899401,79.2488242975863,54.7519199345863
"32","BRCA1","ENSG00000012048","BRCA1 DNA repair associated [Source:HGNC Symbol;Acc:HGNC:1100]","CERVIX_UTERI",1.36857495037888,1.16767763281457,1.96168212582029,2.61955011714075,2.39928815017653,1.02757310224065,2.22193769960741,1.77004843073914,2.55184773961545,1.18997886288249,1.50577612585589,1.60841518602685,4.13299856542241,1.45586939976407,0.975579541836063,0.979301317050501,2.04488100252683,1.23742196842532,1.81096390330267
"33","C4orf36","ENSG00000163633","chromosome 4 open reading frame 36 [Source:HGNC Symbol;Acc:HGNC:28386]","CERVIX_UTERI",3.41752901674356,2.39237091286407,8.8772180459767,4.86497901011122,6.45915805816988,2.51128311816155,2.51842235280591,1.66328101246941,3.39130286867858,1.82274181691618,3.20397233212414,1.76272360991853,1.66713043758625,2.19240772048172,2.40626250345509,1.73065321038687,1.76811571551725,2.76980620206979,3.82866617854233
"34","C4orf46","ENSG00000205208","chromosome 4 open reading frame 46 [Source:HGNC Symbol;Acc:HGNC:27320]","CERVIX_UTERI",3.80552811922612,2.33049401314232,8.62842030863961,3.73017247288378,4.16312294096369,5.07439645389805,7.13892014520316,6.66156335929328,4.16649169318944,2.69147344865974,3.83793235471194,4.57210624298863,3.5761368671152,5.00230972408381,4.42568768581283,4.56160681496838,5.70997767646167,3.53594045523821,6.50818720086583
"35","CCDC174","ENSG00000154781","coiled-coil domain containing 174 [Source:HGNC Symbol;Acc:HGNC:28033]","CERVIX_UTERI",22.4696212660338,13.9953910856302,35.3160823983827,27.0591433242555,29.7289859847007,19.9601013495217,29.3151501418807,17.5808520055058,17.590714683008,24.4336307549739,19.3854272077643,12.3599736224409,7.12352531631828,13.4405963597544,24.9626051047408,19.5056547555052,17.8800453121485,22.4204482664044,24.9128097046276
"36","CCDC184","ENSG00000177875","coiled-coil domain containing 184 [Source:HGNC Symbol;Acc:HGNC:33749]","CERVIX_UTERI",6.67716941419248,2.09577646426922,10.8686220191163,6.60557524474909,1.3854288819983,9.71922618920761,3.11909826884818,2.87542162524342,5.04104594616023,0.647338053450252,8.49118960375908,4.85245590734033,0.848494504794418,6.52399135343798,1.69734644513316,2.28981005215506,2.07201902641555,11.0052706568392,4.33945884042632
"37","CDK8","ENSG00000132964","cyclin dependent kinase 8 [Source:HGNC Symbol;Acc:HGNC:1779]","CERVIX_UTERI",8.73590731247978,7.40840634132201,12.2148543635147,8.52800052560739,10.6874536247001,12.1623757749668,9.7818608620087,9.21394381910501,7.4015287213907,8.61467214456275,7.96791939571974,10.1499048154624,6.9603811876365,10.7706708579512,8.97117757053116,9.42334593477629,9.93717299696542,7.28811451355969,10.4925544185367
"38","CDKN2C","ENSG00000123080","cyclin dependent kinase inhibitor 2C [Source:HGNC Symbol;Acc:HGNC:1789]","CERVIX_UTERI",12.2361860990679,6.99966395225051,17.6746747513691,17.1267820679231,13.5378089512347,15.1748354906477,17.1140346867453,9.27904803670032,18.9461729032816,17.5445725443118,12.0805803232705,10.530383628495,7.05466038643239,15.7456668952174,16.3504168642435,19.0337576879886,21.498904642178,11.9696700891776,18.3620541579426
"39","CEP192","ENSG00000101639","centrosomal protein 192 [Source:HGNC Symbol;Acc:HGNC:25515]","CERVIX_UTERI",9.51916204707307,5.81066134428637,25.5271183734395,13.6895059536417,23.4901326285739,6.04119316680021,25.1891336497679,13.7040707321424,6.94566074325977,12.6489409184818,7.21448468848394,4.99229807294075,4.57930934212073,6.08119545509334,13.3307226564608,8.92532322836913,11.3961789036996,11.5398213543152,15.0373410306465
"40","CEP192-DT","ENSG00000266969","CEP192 divergent transcript [Source:HGNC Symbol;Acc:HGNC:55313]","CERVIX_UTERI",12.7191934450837,14.5593010206811,13.8247455976056,11.8733124652452,12.585931759351,15.4422334728617,13.6456578345499,14.6718124250885,12.9508450129972,14.0182440676635,10.0671502693921,18.1356606935191,7.57651197666163,19.227881689352,15.0387651655905,16.1694543465922,13.8763511850721,13.5998676946066,11.8058744068531
"41","CEP290","ENSG00000198707","centrosomal protein 290 [Source:HGNC Symbol;Acc:HGNC:29021]","CERVIX_UTERI",9.4622571181755,2.4337645587076,26.7418596494307,13.7851428448691,21.4261098864448,11.5088343807177,13.1564192833504,9.47716387761074,8.31806295020381,11.8960340885512,10.0635123666852,7.8481161004821,2.21626728818383,7.76498162244005,10.7265837225214,7.95354103425772,8.21616013357827,6.56933579589104,15.675324063845
"42","CEPT1","ENSG00000134255","choline/ethanolamine phosphotransferase 1 [Source:HGNC Symbol;Acc:HGNC:24289]","CERVIX_UTERI",12.5634729024897,8.43164560225615,13.6554898271844,9.01236116933852,10.8451921747325,8.73551988942034,12.7203960328815,8.757112695151,11.2867699554612,8.09552345212684,9.8168729368529,10.2920428999488,7.34065861059186,10.1167230710748,9.07953910036812,10.841010838867,9.7075080113802,11.2733464324803,10.9329690555128
"43","CHEK1","ENSG00000149554","checkpoint kinase 1 [Source:HGNC Symbol;Acc:HGNC:1925]","CERVIX_UTERI",1.48953043089727,1.75049235563418,1.55575819625387,1.72828090740805,1.56519788024973,1.8038558604986,1.90852102958005,1.1598685199957,1.31522762712048,1.61893739168002,1.55601910209296,1.2368142710961,4.07778450606398,1.34598357749338,1.53320525875611,1.32062871868279,1.40891545492138,1.43491468782522,1.47826348996033
"44","CHERP","ENSG00000085872","calcium homeostasis endoplasmic reticulum protein [Source:HGNC Symbol;Acc:HGNC:16930]","CERVIX_UTERI",32.6333764097322,19.0722922734676,39.2963814009478,29.2690845520851,28.6027443593865,27.63662909501,29.172771611327,34.6271453928368,29.73207245418,26.7489142273347,29.7830260470769,29.8370918097913,14.8653480907802,28.1984131425713,28.4896857464852,31.570033020116,32.5864499050156,27.3571552942733,30.7762835774626
"45","CIAO3","ENSG00000103245","cytosolic iron-sulfur assembly component 3 [Source:HGNC Symbol;Acc:HGNC:14179]","CERVIX_UTERI",10.7581673232581,9.96048464992954,20.0690048423456,13.0839477073502,11.4578158285841,14.3289471755379,9.964760135188,8.04812572077361,7.27076201939404,14.8799624729542,10.2040198463267,8.62604934683281,6.46759852191535,7.78675131420711,14.3198270108374,7.26601506566925,8.4285368687926,9.85078507174692,13.2025970089369
"46","CLEC16A","ENSG00000038532","C-type lectin domain containing 16A [Source:HGNC Symbol;Acc:HGNC:29013]","CERVIX_UTERI",8.12007602839446,6.20873074480028,12.033454995833,7.49666398568521,8.54153592552253,7.74153532579284,8.99884722736784,7.46819474489486,6.85651421613268,9.90629764552878,7.56233780394432,7.61696615640154,6.76140060443628,6.92900865793413,10.1222538947595,7.5114928000207,8.08497618523375,7.22594362739413,10.5496132921618
"47","CNIH2","ENSG00000174871","cornichon family AMPA receptor auxiliary protein 2 [Source:HGNC Symbol;Acc:HGNC:28744]","CERVIX_UTERI",2.13933268191839,0.769726216730806,3.20728752385242,1.32228568416316,0.84805556164279,1.57233632267579,1.38038591741795,0.945353307839348,1.35204568526215,0.8028815476163,1.31284292987767,1.44078110141765,2.16968745585888,1.17930051531455,0.797864430550115,1.18539528046936,1.40028221065959,1.25343358195988,2.09517522778685
"48","COA8","ENSG00000256053","cytochrome c oxidase assembly factor 8 [Source:HGNC Symbol;Acc:HGNC:20492]","CERVIX_UTERI",11.1406160287051,9.68687980403108,16.3913947039769,12.9017591430482,11.7138752854201,9.81545090714683,15.1038616288551,11.4411311953589,11.896859660973,9.44134225217078,12.0985419029044,8.18077615899694,7.76341982552638,9.74616612667719,9.27448224716521,9.08335135781454,10.574390638399,9.04526928437723,12.7886682443987
"49","COX4I1","ENSG00000131143","cytochrome c oxidase subunit 4I1 [Source:HGNC Symbol;Acc:HGNC:2265]","CERVIX_UTERI",75.9329478457753,91.5037205088791,81.4252128019239,102.91091992062,89.5255198238771,77.3453406631888,100.460582663768,72.1699625531149,75.7429846273495,106.558165680737,79.8470975174325,77.2528456718992,57.7997584429911,75.6276543579883,92.165919990448,72.8686312968638,87.9920095903505,81.8888815488501,96.8925453983922
"50","CRLS1","ENSG00000088766","cardiolipin synthase 1 [Source:HGNC Symbol;Acc:HGNC:16148]","CERVIX_UTERI",14.0550640415506,8.99585861948227,19.586343483535,15.8515354546479,14.7525897784558,13.0247714729513,13.6246690841986,12.1006592630243,12.5601491299235,10.9883352788342,15.3387548874667,11.1797899683404,5.80392260239319,12.6822990202121,9.80911306737217,11.0754439023854,11.1839551390938,15.067532091162,16.7613876345499
"51","CTNNBL1","ENSG00000132792","catenin beta like 1 [Source:HGNC Symbol;Acc:HGNC:15879]","CERVIX_UTERI",19.8331107046291,13.9816431219023,15.7778075359365,21.7274271239511,12.6478654810666,17.9491540204344,16.7474563858905,24.5548591686397,19.7072646388713,21.1554204776741,18.5832678921313,20.9579513126905,9.8482783148904,23.8232635078412,20.7306435390789,27.1429317219341,25.8993999216075,17.4164501243154,18.6781097045851
"52","CWF19L2","ENSG00000152404","CWF19 like cell cycle control factor 2 [Source:HGNC Symbol;Acc:HGNC:26508]","CERVIX_UTERI",14.0866576942759,10.4695895171863,21.7273577836705,15.3887214407482,22.3186980991688,16.186949174095,16.4435578515659,15.4756175633591,14.6253050076963,17.8292089781094,10.865334095232,11.5573974464933,5.74857683057892,13.6273262562737,19.0260415854108,16.9509704477674,14.0598597987016,13.59423649632,20.4029781696923
"53","CYB5D2","ENSG00000167740","cytochrome b5 domain containing 2 [Source:HGNC Symbol;Acc:HGNC:28471]","CERVIX_UTERI",33.8206967774408,15.0838587885417,24.3295247913865,21.5296747073548,22.3952157440579,14.6719017972442,20.4034316259099,21.4803032906608,34.2942174542153,17.8078570526791,29.7419236923048,12.2001878152316,11.0213844102037,13.6160662802734,19.3606780337682,22.6206368287047,25.9452517558518,26.8945454001753,25.5016397606986
"54","CZIB","ENSG00000162384","CXXC motif containing zinc binding protein [Source:HGNC Symbol;Acc:HGNC:26059]","CERVIX_UTERI",31.686013891051,18.8259916564113,78.8075201461009,51.5996465760799,61.589869786858,39.958477724382,55.9566799926501,34.9698087712641,38.9304652407635,50.0758203835078,36.9436162456607,39.0117427065975,9.73308847382325,38.8807784226176,48.4796035844656,36.2120822014789,37.362414643763,41.5313159534121,65.5195512193424
"55","CZIB-DT","ENSG00000259818","CZIB divergent transcript [Source:HGNC Symbol;Acc:HGNC:55408]","CERVIX_UTERI",0.0212517852048183,0,0.0692969704140629,0.0217671884515541,0.0732926882639487,0.0823564935474091,0.0467839281723548,0.0806929254791138,0.0216388387852919,0.04022524722478,0.0204435414506002,0.0772208583171914,0.0357169379494134,0.0199843789718234,0.0835817577685723,0.0640294182145757,0.10902571345235,0.0619012789372238,0.0438967878918609
"56","DCAF8","ENSG00000132716","DDB1 and CUL4 associated factor 8 [Source:HGNC Symbol;Acc:HGNC:24891]","CERVIX_UTERI",75.2087065155327,40.4333138734532,91.8479144052861,59.2091539506543,75.115702602642,67.5915275974753,62.0344065660332,56.8021480594378,55.7772257341104,71.0725721330384,72.2516223969644,42.6439823727066,28.2992544446024,47.7385564740762,75.3520034291407,65.9250839557375,62.6149804039499,63.3628246738388,70.1112154041433
"57","DDI2","ENSG00000197312","DNA damage inducible 1 homolog 2 [Source:HGNC Symbol;Acc:HGNC:24578]","CERVIX_UTERI",13.7462871807612,17.5187238721606,15.494742058226,10.2344868371972,15.5351570973824,13.1531670530192,14.5907337437821,11.4190579493158,8.64385667479212,13.2593962707302,11.6204603549465,8.88840967060204,18.790823499138,11.2175451196597,13.9856915877634,12.1254919345309,10.491058569117,10.2571684155899,10.1703135337264
"58","DGCR6L","ENSG00000128185","DiGeorge syndrome critical region gene 6 like [Source:HGNC Symbol;Acc:HGNC:18551]","CERVIX_UTERI",65.4696785648157,50.8888913575315,88.7706801371379,59.8775743300739,59.3745083816034,74.1277488640293,85.237986041755,77.2757304228462,86.7280158236068,68.719606298542,70.8681210458434,67.5228151845638,36.5661901681256,60.3214798450462,65.5422939523654,66.4816783504766,81.4913545486787,66.5193074521834,88.7199920061762
"59","DLAT","ENSG00000150768","dihydrolipoamide S-acetyltransferase [Source:HGNC Symbol;Acc:HGNC:2896]","CERVIX_UTERI",16.4762394078522,13.7768339288215,8.77389153431145,8.34892205432373,10.3149256013052,10.9732526750006,11.0934271279962,13.2708001151426,12.1600151063869,7.07144608744767,10.6829162526229,16.7034422987284,13.1817126378709,17.4099144128591,7.89030132532846,13.4851441859698,12.4479696469334,10.812991259768,10.3925122861345
"60","DNAI7","ENSG00000118307","dynein axonemal intermediate chain 7 [Source:HGNC Symbol;Acc:HGNC:29599]","CERVIX_UTERI",6.79908104889638,0.269743147428191,1.46115197373067,1.00620155884898,1.60484172899902,0.726331544845328,0.341465622087248,0.809819931237418,0.210582845739792,0.562724228325923,3.73032303603177,0.352261308710663,0.260690089789316,0.534825849434956,0.991322966948745,0.389447223591703,0.450927691675179,2.98692543213244,1.28157207576969
"61","DNAJC19","ENSG00000205981","DnaJ heat shock protein family (Hsp40) member C19 [Source:HGNC Symbol;Acc:HGNC:30528]","CERVIX_UTERI",15.6418413532681,8.58604624094907,18.1579898953492,14.9095164615168,22.850272976497,14.844838343328,15.9287142394743,11.8783991698656,11.0945331511231,18.1064595151955,12.8359729107331,11.2319687247697,4.95369327898035,13.268117384446,18.3927007109009,11.2848903464315,10.8522662851463,15.8894852071282,16.7919535839696
"62","DNAJC9-AS1","ENSG00000227540","DNAJC9 and MRPS16 antisense RNA 1 [Source:NCBI gene (formerly Entrezgene);Acc:414245]","CERVIX_UTERI",18.9164174853479,4.87087253664479,27.5318337858698,11.5585854770264,15.6796451480075,8.57337668825354,9.29367710157464,5.70288666469863,5.12522802642016,9.83481618956152,18.1969919812144,5.9737522020159,4.1616122206154,6.41294469210287,7.42372727916641,4.48444334910276,5.33121820605808,21.8346225063153,20.2072558734261
"63","DNAJC9-AS1","ENSG00000236756","DNAJC9 and MRPS16 antisense RNA 1 [Source:HGNC Symbol;Acc:HGNC:31432]","CERVIX_UTERI",9.73837633095981,5.84184223764574,11.7298301604224,6.76159650052998,8.55784313402424,6.80388424069201,6.59636166152348,4.97761489022941,6.88857829832427,4.8961961158443,10.2912975793071,6.82617582911564,4.97694165899001,6.25182484298781,5.77727493319653,5.99509799654172,8.02237954358702,11.3871200229498,9.50152033291891
"64","DPH5","ENSG00000117543","diphthamide biosynthesis 5 [Source:HGNC Symbol;Acc:HGNC:24270]","CERVIX_UTERI",15.4685948564453,9.67424261877306,17.3437717497233,28.7398125631811,28.8302341762626,17.0275793886248,13.3778642608849,10.6589852767536,14.7561143178392,20.645973822184,13.0758749621807,14.962067804808,8.46426489513916,15.7783939029444,18.6957195445066,11.1739095926036,12.9712847008509,11.9750837798556,20.2481915385371
"65","DPY30","ENSG00000162961","dpy-30 histone methyltransferase complex regulatory subunit [Source:HGNC Symbol;Acc:HGNC:24590]","CERVIX_UTERI",28.1629354314094,27.5338475229488,31.9102324613584,33.2312172467623,29.3716242899595,27.3925123124166,29.7750558730636,19.1859335840188,24.1466028329762,25.548241486966,24.0697565079034,27.3006749086169,28.6890156081147,29.0454274427561,26.2966022445682,23.0069245933501,24.7315358240734,21.7833644905284,28.0811350241602
"66","DRAM2","ENSG00000156171","DNA damage regulated autophagy modulator 2 [Source:HGNC Symbol;Acc:HGNC:28769]","CERVIX_UTERI",33.2206849827617,14.5697402900554,29.2355040744775,31.2115886179421,42.5237030219282,23.632042290769,31.828121627402,19.8303828668525,20.7510671527565,26.5145140100989,30.1792405928444,17.4306708611568,13.8355159125852,21.4056771749514,29.2681581252277,24.1799813469785,21.9585708455388,25.3125336876299,26.5233960767327
"67","E4F1","ENSG00000167967","E4F transcription factor 1 [Source:HGNC Symbol;Acc:HGNC:3121]","CERVIX_UTERI",20.3125638523174,16.4803709286258,28.025234046505,21.0493812417543,19.5826454358687,20.9149120135645,21.9251651685281,19.2816766383134,20.8524383620704,14.8916353385758,19.4483031027933,20.1521200494338,13.8036257665574,17.7784369184753,15.3188735721671,16.6407477207056,19.9486095176212,21.029697707472,22.6527172905496
"68","EED","ENSG00000074266","embryonic ectoderm development [Source:HGNC Symbol;Acc:HGNC:3188]","CERVIX_UTERI",9.10430294772099,6.20439996570292,15.5823956935383,10.2386730127478,16.3933576160066,9.61077742003336,15.7920063086,6.42231612514252,8.14042567094036,13.8663496415548,8.53831385360175,7.35145652969903,4.42400297187501,7.49756874041768,15.432762220925,7.37374133151679,6.45078542731675,9.33590571620089,14.7725110743564
"69","EEF1G","ENSG00000254772","eukaryotic translation elongation factor 1 gamma [Source:HGNC Symbol;Acc:HGNC:3213]","CERVIX_UTERI",469.326998777394,331.955094053858,317.775724469262,772.536536385051,539.114946851616,499.09213127202,639.00413093313,420.729481919052,315.483728921178,625.156169954602,398.850753845139,414.316573931047,384.920243579298,407.93922222497,602.743006661438,485.961996117316,415.238423189797,350.563853795641,478.907111169101
"70","EIF3D","ENSG00000100353","eukaryotic translation initiation factor 3 subunit D [Source:HGNC Symbol;Acc:HGNC:3278]","CERVIX_UTERI",127.110681618019,101.181913843509,134.001526738462,231.905192330242,156.666200537579,106.852299392487,120.283824274944,104.409141326166,104.911390682682,136.232668254814,118.614813839734,103.425443529597,79.0986254748456,106.993458196383,138.013740897544,114.47520773752,119.358050849821,130.678101747675,134.336935531028
"71","EIF3K","ENSG00000178982","eukaryotic translation initiation factor 3 subunit K [Source:HGNC Symbol;Acc:HGNC:24656]","CERVIX_UTERI",96.634958633163,91.6141435006128,92.5833034338574,131.636193071319,89.8007792165744,110.744766571281,120.596919716019,92.9733692606534,95.2012080869642,135.749923048969,91.1231259018737,113.006233578618,60.5771841311786,106.132608443813,126.927494829475,103.405336437008,120.279894671749,101.16014081187,114.844751681255
"72","EIF4B","ENSG00000063046","eukaryotic translation initiation factor 4B [Source:HGNC Symbol;Acc:HGNC:3285]","CERVIX_UTERI",288.361043971864,115.104132265548,165.775480158206,296.969652877408,384.855982661297,150.12066866964,200.352092471125,137.576291240492,121.842460192243,271.540829185988,182.839094816589,128.137372322873,96.4450684967411,153.97829706405,313.88924459396,242.998643062981,187.066741336789,180.46542345596,183.153247925119
"73","ELP3","ENSG00000134014","elongator acetyltransferase complex subunit 3 [Source:HGNC Symbol;Acc:HGNC:20696]","CERVIX_UTERI",16.7072151375126,10.6490991356669,21.1141569127067,11.6886409695736,11.5401717304323,11.8790685423327,13.0909937195007,14.3943341543867,13.1046212803129,10.4517730029373,9.62946557436316,15.8457201266877,6.22260956811016,15.3247225465451,11.568556520135,15.9827406474212,14.2222485688399,20.6616018227178,12.7656704938844
"74","EMC8","ENSG00000131148","ER membrane protein complex subunit 8 [Source:HGNC Symbol;Acc:HGNC:7864]","CERVIX_UTERI",12.3554264104693,10.446123708337,11.0364171520303,12.5189970360154,14.6182549268352,15.3166641518183,15.062022264891,13.8182219950477,14.0298136972434,12.7888075481646,10.0597934094397,15.1718533916308,8.38902135249398,15.5449791487912,12.6334367311291,11.6079873375115,12.2876724024702,11.9039807892453,13.2896570115317
"75","RBM33-DT","ENSG00000216895","RBM33 divergent transcript [Source:HGNC Symbol;Acc:HGNC:56024]","CERVIX_UTERI",3.34418970934255,2.41772735390585,4.41084940780325,3.1174022019163,3.71486751120995,2.8758778062495,1.90252337741965,1.9260817271488,2.14253270525212,0.889025497194638,3.61461139089637,1.9114728857895,1.64192399241011,2.72073888545641,0.812792470117276,2.49062141693152,1.85057057374247,3.9765857049613,3.57022885509844
"76","FKTN-AS1","ENSG00000228317","FKTN antisense RNA 1 [Source:HGNC Symbol;Acc:HGNC:55797]","CERVIX_UTERI",0.362829606991295,0,0.131455584129371,0,0.278070833128198,0,0.133122889118008,0,0.123145911375567,0,0,0,0,0,0,0.364389288127641,0,0.234852078883857,0.124907579492609
"77","EPC2","ENSG00000135999","enhancer of polycomb homolog 2 [Source:HGNC Symbol;Acc:HGNC:24543]","CERVIX_UTERI",21.8609713206975,11.8282031881043,21.3092280762806,19.1704081038567,21.8778280562361,14.8083009759736,24.920261423041,20.050699408189,21.0758645822405,15.2936721435782,15.2822687279936,18.8898896216459,5.10096996903408,22.1257041046103,18.8596988213078,25.785731842735,21.9953341607878,17.3757510985676,21.928038009804
"78","EPRS1","ENSG00000136628","glutamyl-prolyl-tRNA synthetase 1 [Source:HGNC Symbol;Acc:HGNC:3418]","CERVIX_UTERI",33.3266206230818,27.3828395022452,26.0412547348658,32.8870784884063,30.2149981501108,33.8068570401484,22.9190472460109,39.690281194998,45.9956983617566,24.9538723506991,30.5370130110865,39.674266918116,29.9586007846762,42.2156108385952,27.8250994600446,38.0825362268826,36.7948819844377,32.4934010682528,30.5288104761311
"79","ESYT1","ENSG00000139641","extended synaptotagmin 1 [Source:HGNC Symbol;Acc:HGNC:29534]","CERVIX_UTERI",58.1290064164176,34.4045525274658,58.8476609436033,53.5478898860777,60.2284567175843,51.8746730720456,74.4581547478485,70.740812693494,72.9236548793014,73.5787216585016,51.1069332064407,66.1951136049674,28.9885671336119,70.7971237187483,72.0849180893601,82.8103900842705,80.7968781415579,46.8073062408271,62.4880125584538
"80","ETFDH","ENSG00000171503","electron transfer flavoprotein dehydrogenase [Source:HGNC Symbol;Acc:HGNC:3483]","CERVIX_UTERI",14.760265885303,14.6360122276717,26.5664040707159,21.31166655212,24.4273127448888,19.1050888843576,19.7054467743757,14.6077273329803,14.6313129948751,20.3186470686857,13.6106892659258,14.6272255120047,13.77369695417,16.6432203189642,21.4100913717105,15.1478240995611,12.9138615945905,12.7478471569805,19.3314009105585
"81","ETFRF1","ENSG00000205707","electron transfer flavoprotein regulatory factor 1 [Source:HGNC Symbol;Acc:HGNC:27052]","CERVIX_UTERI",13.7404425538131,11.4630993016564,15.5402249783303,16.3558971794152,21.4525558616074,12.6523920351511,12.6034878030743,11.2511412344359,14.5578841751939,16.9578044509414,15.7780865348847,12.2850917141975,10.9223439079611,18.2465402938612,16.1268561271168,10.7847506570105,13.8759492516001,12.2291172633243,13.2319978188046
"82","FAAP100","ENSG00000185504","FA core complex associated protein 100 [Source:HGNC Symbol;Acc:HGNC:26171]","CERVIX_UTERI",25.8992616619916,17.686061628593,32.7517880388549,22.0015170732916,24.792216903249,24.3321675660838,18.6232059358836,21.8246292712429,26.6612278171937,19.0476087272384,23.8310370326382,26.9065003925568,9.92969233677518,21.1645883111439,18.7939178917188,22.5177017178331,26.4420058763303,28.2184159843743,24.7019786147189
"83","FAF1","ENSG00000185104","Fas associated factor 1 [Source:HGNC Symbol;Acc:HGNC:3578]","CERVIX_UTERI",14.4538587936578,12.9195705975765,11.2686793141516,12.8567227830812,11.1510089582527,13.7483850949381,10.4652764017833,14.8244615006842,12.9045000407837,14.3395888966673,12.7949338520972,14.967590010323,10.6075471286996,15.1612543924694,14.8579286172145,17.8377048491186,16.615232618922,13.130036566874,12.4205481355262
"84","FAM174B","ENSG00000185442","family with sequence similarity 174 member B [Source:HGNC Symbol;Acc:HGNC:34339]","CERVIX_UTERI",12.2248464376626,3.76169185453648,12.1296780141328,7.09989411371947,8.38317582008079,5.73131429926333,10.7864128696609,3.74888121056018,4.57186798397409,7.21158698675606,10.892895711452,4.64449387436733,0.79869577004809,4.0528037331965,8.2656695979913,5.36518952856521,8.47419857641077,9.80095164846893,7.7682751429815
"85","FAM229B","ENSG00000203778","family with sequence similarity 229 member B [Source:HGNC Symbol;Acc:HGNC:33858]","CERVIX_UTERI",13.9546007517828,1.80047982085966,11.5468972274142,23.9754068065411,16.1456039302835,10.8446548158299,9.57929904825179,11.4802028160033,11.4892278212039,10.5652727006915,8.86264903899934,7.63311331309178,1.46265285140148,10.0181621058495,9.79622243342363,10.4883359550888,10.4382495670865,7.10947020709283,11.4986194521428
"86","FAM230G","ENSG00000188280","family with sequence similarity 230 member G [Source:HGNC Symbol;Acc:HGNC:52423]","CERVIX_UTERI",0,0,0,0,0,0,0,0,0,0,0,0,0,0,0,0,0,0,0
"87","FKBP15","ENSG00000119321","FKBP prolyl isomerase family member 15 [Source:HGNC Symbol;Acc:HGNC:23397]","CERVIX_UTERI",17.6435683394642,14.3513110060999,18.1571658725875,16.9124028150784,18.2998390139639,16.3781264106109,18.516575399239,15.7787482732313,15.4918335914966,13.2041410736719,15.6981167387553,14.867898789756,14.0436061281692,15.5856147866671,12.5172278483524,14.1783015399119,16.1277183671399,19.4618796319371,18.4570712557844
"88","FKTN","ENSG00000106692","fukutin [Source:HGNC Symbol;Acc:HGNC:3622]","CERVIX_UTERI",9.93845344389262,7.47670778286082,9.99677819109725,5.26491431619475,9.57923207994985,9.44445545023946,7.3939721021736,8.55920419354854,8.02010745700298,4.93665498434496,5.74908171969462,5.63611076779517,4.06400011241028,6.68319233766032,4.91392991998544,9.05557889804556,8.25722366646563,8.98522650457826,7.37925116536315
"89","GGCX","ENSG00000115486","gamma-glutamyl carboxylase [Source:HGNC Symbol;Acc:HGNC:4247]","CERVIX_UTERI",27.3872279170356,24.200034044737,34.7730796060239,23.2659328269476,25.4573267013782,27.3702908037815,29.7667345284551,28.4258302528558,31.3450876221365,24.0139486657595,23.6102141133746,30.0449083051705,27.0391039096754,30.8258232910081,25.3114992525546,28.0525281707497,26.4995253164598,32.6744859883581,35.1374439292477
"90","GNL3","ENSG00000163938","G protein nucleolar 3 [Source:HGNC Symbol;Acc:HGNC:29931]","CERVIX_UTERI",44.183671985544,65.1368728356569,60.2238917624445,44.1479911902173,54.4949692353411,59.6297500337345,40.734440548777,39.8889900307094,45.90172915999,46.3864566897375,41.7952678217179,73.8380471093278,47.3725276908104,68.7791493499881,50.5438197670598,36.3350738388422,42.7618169172629,67.2177368813891,55.6800193353394
"91","GOLGA7","ENSG00000147533","golgin A7 [Source:HGNC Symbol;Acc:HGNC:24876]","CERVIX_UTERI",40.7487175609271,29.3160864972502,49.0515832076724,37.6928078655337,37.3762492465448,37.5355864410777,40.2007449278982,48.3727995142848,48.7776773771656,32.521429495065,38.7835383408572,43.6293713775184,22.3184014381228,51.226780934473,36.486553845268,42.3489381548472,45.9242481808992,37.9164599450391,46.1622365295484
"92","HAX1","ENSG00000143575","HCLS1 associated protein X-1 [Source:HGNC Symbol;Acc:HGNC:16915]","CERVIX_UTERI",60.8042370632263,41.0765615928653,81.0239150337625,91.4777660073675,64.4041727618467,57.4329918540975,79.4399567063563,53.9869933184652,61.7313596164766,85.8649620540793,54.3015940670412,81.3885450822618,28.0325920589595,79.6229682537227,82.6261235109856,55.2329052089195,54.5027383304952,75.7806084811306,66.7473066608822
"93","HM13","ENSG00000101294","histocompatibility minor 13 [Source:HGNC Symbol;Acc:HGNC:16435]","CERVIX_UTERI",32.204997802952,26.642260928335,26.2034228057016,29.4607554986602,18.8271472490277,23.7333090083819,29.2489890842518,23.6958023559668,51.4562974056404,25.5385589402439,33.3734394909033,45.8654369066975,37.5287367739981,36.5493567593656,24.2814952546877,24.2729057480217,25.8319180157476,42.1160702766578,32.1650881934792
"94","HS2ST1","ENSG00000153936","heparan sulfate 2-O-sulfotransferase 1 [Source:HGNC Symbol;Acc:HGNC:5193]","CERVIX_UTERI",13.046204610518,8.63737237804722,8.55277032798427,8.64886665845665,8.47908302028505,10.2309513071056,15.0497675026974,11.194440810137,11.1186552016282,7.46646430328806,9.9214441214836,10.1901908608494,6.12033938895056,9.70826819386955,9.08021741957538,12.4935969407791,12.3529758237357,13.7040882541278,10.1425156310141
"95","IFT122","ENSG00000163913","intraflagellar transport 122 [Source:HGNC Symbol;Acc:HGNC:13556]","CERVIX_UTERI",23.9494651170194,6.94143511638372,20.5046973932107,16.1263964066322,23.3895633698268,18.2767186840772,17.6439496782617,16.6295005555947,13.1121257728103,22.4108603011993,20.4711580528275,16.6693736207158,3.50064911357185,15.1109343106457,22.4810663145554,17.0371278058633,13.2454022275228,21.5151655068725,16.0643383918554
"96","IPO8","ENSG00000133704","importin 8 [Source:HGNC Symbol;Acc:HGNC:9853]","CERVIX_UTERI",22.6543416602011,15.3963904891145,25.9288832389397,22.2218888641996,24.4092271600781,22.5777752676616,21.4670749594614,24.1717633070674,23.2576682459802,16.7682480044015,21.9093516373954,23.76228857433,10.2315026144138,24.8987385858253,20.7252318176835,27.089602497801,26.5793575889222,19.8237907356625,20.2105729719707
"97","ITFG1","ENSG00000129636","integrin alpha FG-GAP repeat containing 1 [Source:HGNC Symbol;Acc:HGNC:30697]","CERVIX_UTERI",16.5889712191092,11.0936295667012,9.98157307626347,11.9713653459642,9.42801485925037,11.4757096204784,15.1136112176038,18.3948792411621,19.5012724133934,12.7903240148673,13.435384935705,13.3296767281933,8.03066390113141,15.0270107146048,13.7903123418866,20.2211824820897,20.0441711533513,12.5304918644329,14.1504854968432
"98","KIAA2013","ENSG00000116685","KIAA2013 [Source:HGNC Symbol;Acc:HGNC:28513]","CERVIX_UTERI",45.1703876934214,30.963816715419,44.2172753127926,40.8102142635436,17.1130943691697,32.4496131052571,49.2584714405312,48.2431976104208,58.332090095115,30.9281701023742,42.0875942010567,41.3710454237239,26.289097838644,42.5858954027983,30.4395858463564,43.0285886791967,47.3488870845878,43.9471157902376,43.9124949412315
"99","KIFBP","ENSG00000198954","kinesin family binding protein [Source:HGNC Symbol;Acc:HGNC:23419]","CERVIX_UTERI",12.635238372839,7.32431283258812,9.03399217269274,7.05127595799949,10.1018126972905,9.09621355649929,10.1958854947108,14.212141367491,12.395198197258,7.74684495129704,10.0145015525732,10.6644107884164,6.02024902624567,16.57911994108,8.00709101712142,15.5000851859077,11.9592571957153,10.0261685359806,9.19094429256616
"100","KLHDC9","ENSG00000162755","kelch domain containing 9 [Source:HGNC Symbol;Acc:HGNC:28489]","CERVIX_UTERI",16.8159569151863,3.35642025654543,8.391299072035,6.18056536466058,5.7127389298942,4.38454958859478,3.76048942649806,7.24420738488745,4.47255926611647,6.97049744830659,13.7862329207913,1.89434662851753,3.50476606760938,3.08751683819681,4.66790753775043,4.50056079877184,5.05322772183957,11.760559204875,6.69025329554424
"101","KLRC2","ENSG00000205809","killer cell lectin like receptor C2 [Source:HGNC Symbol;Acc:HGNC:6375]","CERVIX_UTERI",0.509107142565059,0.708278204321119,1.16205333242048,0.260727063807641,0.0585265829566021,0.0986464871009826,0.224150882010575,0.483269338551531,0.103675877355548,0.0963634841789092,0.342821415239318,0.138742546139277,0.342253566848148,0.143623558814845,0.0500570533934195,0.460166058989743,0.574599694073555,0.64259226253645,0.210318032447862
"102","LEO1","ENSG00000166477","LEO1 homolog, Paf1/RNA polymerase II complex component [Source:HGNC Symbol;Acc:HGNC:30401]","CERVIX_UTERI",12.3061401305177,16.6944728690495,20.7758214915864,13.7425060196376,13.9833092694219,11.6740329603452,13.2318884509598,17.9550343544803,17.9252457290756,10.2446001974599,10.6323814301802,19.8736915362712,18.6715992641933,17.4922843940818,11.371564894705,13.5606133810189,15.3155610744212,8.87822385778352,16.6812463860124
"103","LINC02482","ENSG00000251580","long intergenic non-protein coding RNA 2482 [Source:HGNC Symbol;Acc:HGNC:53458]","CERVIX_UTERI",4.34019871111862,6.91871997100174,14.9385876599719,17.7818328863388,14.5525932455836,6.6577028415239,6.17065600482786,6.00822887372182,6.62886853745827,6.50362178412206,7.65441071886406,4.10693279349873,4.71095408704579,4.25141616633992,4.62304170368514,1.99780888538227,8.72086864424045,6.49655389301114,9.15170011927009
"104","LINS1","ENSG00000140471","lines homolog 1 [Source:HGNC Symbol;Acc:HGNC:30922]","CERVIX_UTERI",6.74002959451934,4.88944947232994,6.12264086158398,4.99700319862727,3.18715936355595,4.28996983583418,4.31324996320735,6.05388832806383,5.21691292051157,2.27150008871151,5.15491377021317,4.5386088617037,5.3674717434516,5.9603653995402,2.639246895002,6.29674668880901,4.97556127904129,6.02088073838426,4.71483621559483
"105","LRRCC1","ENSG00000133739","leucine rich repeat and coiled-coil centrosomal protein 1 [Source:HGNC Symbol;Acc:HGNC:29373]","CERVIX_UTERI",7.72945260098079,5.07010604569765,6.25593621119683,10.8182324944524,13.5624176442397,9.66344103818508,9.93412147621804,12.7721168700977,9.83394865152757,5.29027917995386,5.87012176236676,9.62201243132157,3.3932430877848,11.0089938988814,5.85173378075235,10.395634303091,9.13655282019221,7.66559040182369,7.06471350988463
"106","LSM4","ENSG00000130520","LSM4 homolog, U6 small nuclear RNA and mRNA degradation associated [Source:HGNC Symbol;Acc:HGNC:17259]","CERVIX_UTERI",33.1816000670359,28.6983911159487,25.0296813658861,29.2122424106401,19.0002522914747,32.3666321561503,23.1008426368025,31.5215098490646,35.273843300504,24.9411539241098,28.93853822213,36.4362630182831,36.0557889851952,34.3538006230887,27.9927834372768,29.7817967680921,32.3911327349132,27.8868429224684,30.0018603852067
"107","MAP4K1","ENSG00000104814","mitogen-activated protein kinase kinase kinase kinase 1 [Source:HGNC Symbol;Acc:HGNC:6863]","CERVIX_UTERI",3.84182063582848,2.65225819737893,2.47607383837711,2.61014635271897,3.17368650210685,1.87036534485673,1.25373944826064,3.24367494845706,3.02721497394622,1.18760132569846,2.39571102910058,1.80634394942794,1.49252165750362,1.99697180310143,0.930113996660778,3.04401329007007,2.43642268919347,3.44893318577426,1.65489113604007
"108","MBD4","ENSG00000129071","methyl-CpG binding domain 4, DNA glycosylase [Source:HGNC Symbol;Acc:HGNC:6919]","CERVIX_UTERI",43.9562591108704,17.0835183334259,34.3311769399418,35.0069900224925,38.6112040456869,33.6631431172768,29.5103218821374,31.0188498572207,26.9513413500513,29.8926505374304,58.7564559713042,28.5273719578162,15.6884787468382,32.2253291614843,30.7878174081005,28.250195240382,26.1085331413152,50.2950842558218,29.5445133450757
"109","MCM8-AS1","ENSG00000278719","MCM8 antisense RNA 1 [Source:HGNC Symbol;Acc:HGNC:51230]","CERVIX_UTERI",1.08688936865415,0.135008777756531,1.68765968638115,0.397588879600869,0.446242868016005,0.376070915982637,0.93998573079155,0.589559095413017,0.316195605607256,0.293893922246561,0.970870646529368,0.564191459241168,0.848104686822209,0.292019958851751,0.2289995616584,0.935624174195489,0.716907839891458,0.678395196328293,0.80179738209396
"110","MCTS1","ENSG00000232119","MCTS1 re-initiation and release factor [Source:HGNC Symbol;Acc:HGNC:23357]","CERVIX_UTERI",12.6967768193434,15.1097997943949,22.0162850229051,18.9009016490864,19.0182512967738,15.6367025905223,16.2256953057236,11.362961883239,17.2008403274492,14.6129092770747,13.1195868790964,18.5469490291443,16.7727470812208,18.9464803528289,14.3353026034229,12.0489507461649,13.2481805966547,15.3571901875431,18.0303232450595
"111","MED29","ENSG00000063322","mediator complex subunit 29 [Source:HGNC Symbol;Acc:HGNC:23074]","CERVIX_UTERI",49.3312342378554,23.2551651565314,27.2745828400218,33.7937899461701,29.1675276430852,31.5985276330388,33.9068684786964,44.9197527021182,38.5587349044072,37.7601003757876,36.7733785834762,36.7142443026595,22.9596253838487,42.2724018622113,36.2166240263359,47.0651285618527,42.3873551826515,42.7765761631591,30.7868032918995
"112","MEF2C","ENSG00000081189","myocyte enhancer factor 2C [Source:HGNC Symbol;Acc:HGNC:6996]","CERVIX_UTERI",6.66743258261216,1.87978044670545,9.33567252690709,10.1938271141957,14.7848405014637,14.7367907357348,8.38218944944723,8.41819420481178,17.0217401489414,8.07955144879639,6.8947413112218,10.1967647114686,1.22203885221186,11.9413184143404,7.48121080383278,13.0270642942143,14.8278049541208,5.3326306194068,14.8380534858543
"113","MKS1","ENSG00000011143","MKS transition zone complex subunit 1 [Source:HGNC Symbol;Acc:HGNC:7121]","CERVIX_UTERI",16.6927717798156,9.56787807483887,21.1744386960874,19.0910519457118,18.2648146950227,14.4498840214572,13.183018033697,11.6532615117365,10.9183435886916,11.0692176606321,12.9075397300904,7.88788912633055,5.84999301049531,8.58773555302969,10.5984456275527,9.13403673638639,11.7511004535813,13.681746115389,14.9786486173058
"114","MPC1","ENSG00000060762","mitochondrial pyruvate carrier 1 [Source:HGNC Symbol;Acc:HGNC:21606]","CERVIX_UTERI",38.799299021355,35.3674094154489,37.7184844312421,38.729065897038,42.9009695834875,41.6545000993431,50.4220594663996,35.565028493723,41.7174697055148,57.7421715398617,41.0275694370161,49.8189543278016,27.2115937450457,53.0105946842742,60.5720134216341,47.3938630040892,36.568070545839,47.112679018605,38.7965688901264
"115","MPC1-DT","ENSG00000261420","MPC1 divergent transcript [Source:HGNC Symbol;Acc:HGNC:55366]","CERVIX_UTERI",0.839653357010418,0.892328798215995,0.811232015507417,0.907795538423648,1.39426347441969,0.406735867200292,0.256725376019141,0.221399981200717,0.284981919601405,0.838792296118433,0.673099853445342,0.254248259978943,0.352792089727106,0.0877309350706819,1.10076561912082,0.374783440600719,0.90937841114186,0.498199351935468,0.722646845903144
"116","MRFAP1","ENSG00000179010","Morf4 family associated protein 1 [Source:HGNC Symbol;Acc:HGNC:24549]","CERVIX_UTERI",224.835098593096,173.577429411164,218.446601623634,306.893450153156,243.929495232795,234.003902115485,243.902141711852,280.982477022866,258.343748993731,262.809880105087,193.721196982234,288.371217409127,127.100116048196,298.786517751389,281.997909175348,281.573599051665,252.690707004092,243.330150475037,245.326201695249
"117","MRFAP1L1","ENSG00000178988","Morf4 family associated protein 1 like 1 [Source:HGNC Symbol;Acc:HGNC:28796]","CERVIX_UTERI",75.6150215817822,54.6073966952288,99.6903673368621,85.2295961261904,61.8143808718303,64.6088108562226,77.7197684855482,90.5525923110931,75.887199172489,45.852574792044,63.9835958547248,68.561814263753,41.3607548146648,81.1129640566895,52.1118265493661,74.9908140435197,77.0451209065002,77.7666335189984,81.2751846877577
"118","MRPL15","ENSG00000137547","mitochondrial ribosomal protein L15 [Source:HGNC Symbol;Acc:HGNC:14054]","CERVIX_UTERI",29.9878213214065,42.1206982251093,27.3012608275132,23.4957334972058,16.426608371943,30.7288776915888,17.2091792612636,35.0957822089006,32.9479936098921,12.8560700714724,29.4637262912446,34.0513349699759,33.9763894858407,42.1786174823446,12.7264279205883,23.5528263464669,29.5194945955194,31.6042670789515,23.9560362072718
"119","MRPS12","ENSG00000128626","mitochondrial ribosomal protein S12 [Source:HGNC Symbol;Acc:HGNC:10380]","CERVIX_UTERI",15.732882936736,17.7034038063972,19.5764587846691,14.3644559932067,8.42941122084935,19.3804919077373,16.1027160385976,17.8402122165139,16.3456094240533,11.1503203315217,14.0045791771381,20.4353620103971,13.7890952997421,21.5894210133594,10.8143547660221,13.6198994322224,13.5860277394356,15.309912818713,18.0499026054009
"120","MRPS16","ENSG00000182180","mitochondrial ribosomal protein S16 [Source:HGNC Symbol;Acc:HGNC:14048]","CERVIX_UTERI",35.8905229495491,36.5746220371137,27.5208428825634,31.5293673561852,23.7069318640729,32.9984327045406,27.2686086368472,34.61351774812,40.604653655639,23.4457978785354,30.9258465998199,44.4384827371786,29.9761880054231,43.2792339785157,26.9096614469611,35.4687455935867,41.2530199051452,35.7749734673296,27.898961757544
"121","MT-ND6","ENSG00000198695","mitochondrially encoded NADH:ubiquinone oxidoreductase core subunit 6 [Source:HGNC Symbol;Acc:HGNC:7462]","CERVIX_UTERI",7115.77094312844,2046.06497020879,2229.33897579674,199.807117609582,830.35631900252,1525.7479293684,837.445413785039,11192.7833568101,3421.09521863333,1168.5225147513,5392.27190265942,3260.38896373371,1023.26669907165,3013.67392583185,1199.99666936464,5335.97352456698,2963.10694564793,5631.70655222505,1711.44796632787
"122","MT-RNR1","ENSG00000211459","mitochondrially encoded 12S rRNA [Source:HGNC Symbol;Acc:HGNC:7470]","CERVIX_UTERI",840.506701430785,1438.42653988311,2305.42848755039,973.223727420722,1279.00166239505,1153.13095455016,625.513477683146,913.119431900121,747.972388392158,1327.44568137206,895.651030174252,866.41748394489,2191.43631454339,875.459460256209,1275.83985238877,649.137490472751,742.147905497028,616.921577297953,1119.46126838656
"123","MT-TE","ENSG00000210194","mitochondrially encoded tRNA-Glu (GAA/G) [Source:HGNC Symbol;Acc:HGNC:7479]","CERVIX_UTERI",1600.40634043793,587.594398802052,572.22425256176,30.5866853724251,72.4737221385646,183.231560812375,168.001086066926,3399.52804525588,925.70387832032,54.4300062665044,1542.73185733627,914.28656890399,134.765442069346,838.285613617118,72.8605803400188,1259.61455399462,779.618227606021,1960.8548869743,304.986293770671
"124","MT-TF","ENSG00000210049","mitochondrially encoded tRNA-Phe (UUU/C) [Source:HGNC Symbol;Acc:HGNC:7481]","CERVIX_UTERI",66.6414079094528,34.5803116604421,65.4241481802178,33.0278762237455,51.8974170391797,88.5143813659979,46.1411433564093,128.55917330927,60.1940683702686,60.0174852413162,57.9030198809845,39.0563524249344,41.5488599444492,37.398091279567,38.0461806946829,63.6894310220842,65.0680813617916,33.3953040621327,38.8532942689334
"125","MT-TP","ENSG00000210196","mitochondrially encoded tRNA-Pro (CCN) [Source:HGNC Symbol;Acc:HGNC:7494]","CERVIX_UTERI",451.157273375617,226.393836912084,456.216604720983,77.0164741158613,233.520205311799,620.841096013654,67.9416156888304,644.521392331898,431.948771904082,262.344625791865,360.586190508841,369.053812509435,167.869083113155,392.590773798062,310.07326431357,451.969539040319,657.508745385941,370.479154439284,227.177497078352
"126","MTCO3P12","ENSG00000198744","MT-CO3 pseudogene 12 [Source:HGNC Symbol;Acc:HGNC:52042]","CERVIX_UTERI",196.159261248129,220.421081396248,323.453554219663,33.5813598289575,124.299441654952,307.501568988984,128.534651771496,219.710055786623,137.653040046738,161.217606452916,234.464510217344,222.93001819002,128.962958495409,182.361659586959,176.546102647676,166.036943545473,200.694294144191,248.97282846779,265.556025853891
"127","MYO9A","ENSG00000066933","myosin IXA [Source:HGNC Symbol;Acc:HGNC:7608]","CERVIX_UTERI",7.35154685568312,4.99977774018432,8.6990844761707,7.45264875681253,10.2013195176682,7.11866425024755,9.83801353258156,8.15165586834468,9.18510530621101,7.42820770205542,7.64467018462761,7.14712157987912,3.41024805060785,8.56078577045217,9.71056662614351,9.04823600081012,8.40899775826864,6.71702688540489,7.8221267045016
"128","MZF1","ENSG00000099326","myeloid zinc finger 1 [Source:HGNC Symbol;Acc:HGNC:13108]","CERVIX_UTERI",38.0378210784824,15.4412733245016,47.6293581700797,44.5794882307413,44.5933812650531,21.3485977137624,25.5479158680462,23.2018180030097,26.8501153819006,22.9270202177259,33.2886423250912,26.7415768876911,13.8591594648776,24.4754492533254,22.978297220486,21.2598721337445,21.2402653315921,30.8963336088956,31.7104333762187
"129","NAA30","ENSG00000139977","N-alpha-acetyltransferase 30, NatC catalytic subunit [Source:HGNC Symbol;Acc:HGNC:19844]","CERVIX_UTERI",9.38358371761959,5.84404714702518,8.44333737399822,7.0985694161798,9.60654246699742,7.12014824442329,8.16626212163812,9.13453564146921,7.55423652659342,6.28530919993905,7.7125123361663,7.12907292711375,5.46355741297373,9.23656687762976,7.54963448821202,8.19210097048595,9.20842031377633,8.01664026854116,8.76427504815375
"130","NAALADL2","ENSG00000177694","N-acetylated alpha-linked acidic dipeptidase like 2 [Source:HGNC Symbol;Acc:HGNC:23219]","CERVIX_UTERI",2.425555430375,0.893415024346842,1.0923908749138,1.05816209286593,2.14939220384772,1.32183171909736,3.28783761726033,1.72151190797428,3.11003223384511,1.6047511977937,1.50692755300179,0.892575005296884,0.226473556520912,0.908136524477977,1.95980066789591,2.41906552645831,1.73403343789324,1.82077748061685,2.43547724522743
"131","NBR1","ENSG00000188554","NBR1 autophagy cargo receptor [Source:HGNC Symbol;Acc:HGNC:6746]","CERVIX_UTERI",47.5142457809327,27.8295978932011,36.6828645232361,44.0166036480511,39.4243070597028,36.5499318681124,45.2733444308849,42.3189271383669,47.3811402914531,36.4946056064505,42.5453350443179,34.3202178859334,27.750142143329,44.8257585557458,39.9505015573341,49.36898970206,43.1617376408147,33.4467081961367,37.5844454611093
"132","NBR2","ENSG00000198496","neighbor of BRCA1 lncRNA 2 [Source:HGNC Symbol;Acc:HGNC:20691]","CERVIX_UTERI",9.4665752740127,5.95185166138309,11.0413283064846,9.77074671619136,12.7243939632594,6.17305337041156,10.7004508539764,6.2211704641209,5.00485899834338,5.96127224753434,9.8070477374759,7.07803218922296,4.13049517266373,6.88193935231459,6.65868668169507,5.22899787462173,3.62372134443863,9.04987247485274,9.0248109915843
"133","NCOA5","ENSG00000124160","nuclear receptor coactivator 5 [Source:HGNC Symbol;Acc:HGNC:15909]","CERVIX_UTERI",43.4190603566337,29.2629429377688,74.5248242494525,50.2981048346547,34.7383442581466,33.9598343911658,39.8089530028151,45.5575153863263,51.7390280270794,28.665473080464,34.4264793779966,46.4606848279782,9.44021963658179,51.6165228944677,33.1834114299105,40.6066218653594,35.6007824458894,41.5580964544936,51.52457049657
"134","NDFIP2","ENSG00000102471","Nedd4 family interacting protein 2 [Source:HGNC Symbol;Acc:HGNC:18537]","CERVIX_UTERI",14.3436484969605,28.8997593083156,7.58915862654728,5.45268746571143,7.69987404041096,5.57080052119973,6.74647292423591,5.74318242271143,9.03958794945694,4.42526013083406,9.67996821183607,8.65307191248559,46.2621032658411,10.0716057780874,4.78388348071096,9.07470879338202,7.56927320978892,8.14425299139971,7.63531514899676
"135","NDUFAB1","ENSG00000004779","NADH:ubiquinone oxidoreductase subunit AB1 [Source:HGNC Symbol;Acc:HGNC:7694]","CERVIX_UTERI",36.8697619989365,43.3392943183531,34.0088741701097,50.6124679898713,35.257035418001,49.2133451984554,37.5902430074747,46.0007168940353,46.5259107091924,40.3102607707116,31.7051345801448,62.8691325495182,29.2592039527283,63.3316460634992,39.4874439980822,38.1299987674164,45.611070761361,37.0942253382333,46.6003636226282
"136","NDUFS5","ENSG00000168653","NADH:ubiquinone oxidoreductase subunit S5 [Source:HGNC Symbol;Acc:HGNC:7712]","CERVIX_UTERI",230.7558781588,221.108654839696,307.878093564194,418.787041733399,285.927349021125,318.948214383739,353.630023317882,350.709529053036,303.446806508912,349.39227667963,198.937855225221,361.426273738169,181.740000954253,385.534554725795,312.739296744351,304.614816107666,349.645343670469,274.208658833164,395.665499994908
"137","NEURL4","ENSG00000215041","neuralized E3 ubiquitin protein ligase 4 [Source:HGNC Symbol;Acc:HGNC:34410]","CERVIX_UTERI",28.3244275422124,14.5296687317941,35.4379540310745,33.8001325624617,31.0401186970502,33.648460642914,28.9849523692452,32.3699834037839,24.7976147461181,24.5703535643439,25.3672607241965,28.4153954014133,11.0486121717547,25.9489905680262,22.4741728641633,26.6698508274413,25.5085182296549,31.7399158892392,33.8004768748666
"138","NOL6","ENSG00000165271","nucleolar protein 6 [Source:HGNC Symbol;Acc:HGNC:19910]","CERVIX_UTERI",20.6229252336813,24.05518783379,23.4266938606225,24.3524198547811,20.6330582740186,29.4440221769899,25.6581408114405,21.6492144164009,26.6033951401425,21.0338675913307,21.2556408850271,40.496332232,14.2679490998743,30.5233540599726,20.5185184057447,22.6451757089347,20.9080046888132,30.8753538460914,23.100521111442
"139","NSUN5","ENSG00000130305","NOP2/Sun RNA methyltransferase 5 [Source:HGNC Symbol;Acc:HGNC:16385]","CERVIX_UTERI",21.7276907357142,16.5406118750738,24.4180480238903,18.8202783847904,13.9023606291456,18.2564914983255,18.7980125593339,18.8850163226416,20.6894870242784,14.6818264165531,19.1380650382846,17.7881436395813,9.82421370009191,16.795360282767,12.9674746900041,18.9924307873488,17.6833767330227,27.3030331742601,21.1470654119537
"140","NSUN6","ENSG00000241058","NOP2/Sun RNA methyltransferase 6 [Source:HGNC Symbol;Acc:HGNC:23529]","CERVIX_UTERI",13.482781387756,7.07578379694566,23.7368273468322,15.6197872032425,25.9833265793644,14.0980579098966,17.3620333371051,7.14480145164714,12.0622793174228,10.3649698567268,11.4379510449578,11.3559861756976,6.63664204571702,9.23206323599714,9.76019524920377,7.69061405791862,9.02110170462998,13.9379807673556,18.8817553084456
"141","NUDT9","ENSG00000170502","nudix hydrolase 9 [Source:HGNC Symbol;Acc:HGNC:8056]","CERVIX_UTERI",28.5223119340131,19.9445575545978,27.2500324656321,45.9814286417749,34.6626996224086,27.1685251997984,34.7188174095595,22.5016366320781,30.1644053443427,42.0099393649985,24.1865522799031,31.6360747896789,11.7624940513481,32.9518935131877,45.2711180130557,27.4413516040345,26.3630749542665,28.5073469967414,33.9624650154822
"142","PAF1","ENSG00000006712","PAF1 homolog, Paf1/RNA polymerase II complex component [Source:HGNC Symbol;Acc:HGNC:25459]","CERVIX_UTERI",58.4091297185779,40.2170047489807,65.9421710926268,62.2573816249075,44.7206270909473,45.1705148403163,58.5610982167321,61.2282145911589,56.7351860989172,58.1206350070549,53.2435102962964,56.8787409813613,54.4429951760528,59.0411436389655,60.1015415028127,59.0911133362281,55.5276948739117,64.0423485859812,65.5820972656808
"143","PARG","ENSG00000227345","poly(ADP-ribose) glycohydrolase [Source:HGNC Symbol;Acc:HGNC:8605]","CERVIX_UTERI",11.0105710462413,8.71992451085664,8.24794726626496,8.70204152847771,7.85117735699815,9.42753841328718,7.84485476955134,11.0449798693351,8.89313241095264,4.85814560933357,7.08506821754867,8.32603153468966,7.9396371468101,9.78026311495119,5.82260443919299,9.50381825919493,10.2896721053999,7.98888564651683,8.95888594086265
"144","PARGP1","ENSG00000239883","poly(ADP-ribose) glycohydrolase pseudogene 1 [Source:HGNC Symbol;Acc:HGNC:45008]","CERVIX_UTERI",6.67223402252992,2.72529542106042,4.36163411200125,3.38054460124605,7.01523223333861,5.08393117615532,3.89423799377287,4.73330289616168,3.57820484491024,3.55054765399832,3.99727210208258,2.67464317633107,2.27467108837946,3.70653646900366,3.3151973463648,6.22398218741229,5.14056578149094,3.41200465818382,4.16889734043938
"145","PBRM1","ENSG00000163939","polybromo 1 [Source:HGNC Symbol;Acc:HGNC:30064]","CERVIX_UTERI",20.4661229517227,13.3964606388063,17.2615996927219,12.0803431535592,14.8399928570778,13.6015664737894,16.8714577317055,19.615038433909,19.9937221953294,10.7581036194146,14.6764679597859,18.1678386836828,11.8507867790862,20.0781341518537,12.4126507447345,24.4759713629146,29.2153270333669,14.9742040669369,16.9161141983821
"146","PCNX4","ENSG00000126773","pecanex 4 [Source:HGNC Symbol;Acc:HGNC:20349]","CERVIX_UTERI",8.72489814398267,4.16047170481158,11.7336603139463,8.07121659597189,8.13550834812535,7.49351243134038,9.0204738844119,7.78583036693511,9.20460656807975,4.7282394745844,6.48464924048217,7.99807367682059,2.4904761975989,8.67339817716843,5.60672835684166,8.31037476230853,8.55420832514106,7.66102888092849,9.80828239433494
"147","PCNX4-DT","ENSG00000258553","PCNX4 divergent transcript [Source:HGNC Symbol;Acc:HGNC:55447]","CERVIX_UTERI",0,0,0,0,0.153376482258648,0,0.146854096212348,0,0,0,0,0,0,0,0,0,0.13689207587671,0,0
"148","PDPR","ENSG00000090857","pyruvate dehydrogenase phosphatase regulatory subunit [Source:HGNC Symbol;Acc:HGNC:30264]","CERVIX_UTERI",18.1804244100937,11.7378399431001,42.5485333452738,13.4729988421628,25.9772647707979,21.6645021238415,27.5256473705224,36.9081379619061,29.2563142999436,27.1928287667868,16.852769717888,20.6339580152348,6.73717577642709,23.8545016536107,31.5098619126822,18.5390228762977,13.164733643041,24.0588485078337,27.7015784023498
"149","PDPR2P","ENSG00000214331","pyruvate dehydrogenase phosphatase regulatory subunit 2, pseudogene [Source:HGNC Symbol;Acc:HGNC:27556]","CERVIX_UTERI",6.85799771960628,3.69226787851158,7.45409480497854,5.8604060763781,11.9175289663041,8.49833817036626,7.54863814093816,7.24799223723065,7.9166607446221,8.88654837661325,4.37254667596552,7.40698418278259,1.84280925540723,7.63007034726798,7.7230919740005,7.26789094509757,7.42521501220913,5.63267679946874,7.61812240964979
"150","PDSS2","ENSG00000164494","decaprenyl diphosphate synthase subunit 2 [Source:HGNC Symbol;Acc:HGNC:23041]","CERVIX_UTERI",10.2829139059337,6.62554029363099,6.63418764795947,8.54131501018053,9.67592298010516,9.00183115519234,8.10906923323548,7.9158557516982,10.2920622619845,6.73309778133108,7.51704749219061,10.7889940432124,4.73704304777631,11.9728369081815,6.5555742235355,9.56576023061515,11.0891647160524,7.45487855341402,8.21090759242818
"151","PHAF1","ENSG00000125149","phagosome assembly factor 1 [Source:HGNC Symbol;Acc:HGNC:29564]","CERVIX_UTERI",13.9196806051143,11.6249574030788,20.5667715730347,12.2130238920239,12.5162409089701,11.6635951549602,17.0535888706662,13.0067830833436,15.2674504830505,9.26264711063717,12.6641621646654,11.1570870967457,8.72981840999085,12.0789539827945,9.48479201503752,12.4119604929338,13.3238560624477,13.8875337690904,18.4059746764714
"152","PHKB","ENSG00000102893","phosphorylase kinase regulatory subunit beta [Source:HGNC Symbol;Acc:HGNC:8927]","CERVIX_UTERI",15.3766463134103,11.1137279859011,14.9310059034197,12.4237747113677,16.942198202165,10.9571197536788,12.7826913311792,11.5385235203376,14.4341341474582,10.3553046193196,13.4567285717739,10.9658093204588,9.48764624363156,13.2758974784011,11.240730104725,14.8138845442823,15.7306619081805,14.8981382186124,12.8005439609952
"153","PIGK","ENSG00000142892","phosphatidylinositol glycan anchor biosynthesis class K [Source:HGNC Symbol;Acc:HGNC:8965]","CERVIX_UTERI",9.66224961872132,4.513659595547,4.453609320034,10.0950795021633,6.17445364893076,10.9837128542193,11.2142934287373,9.53980511777305,16.4205344895429,6.32766195581002,7.93651430801138,12.1850081193681,3.60606316838985,15.1129863186571,6.98226434207246,13.9300743751229,13.1947771478275,8.05068070049451,9.42140284288628
"154","PKN2","ENSG00000065243","protein kinase N2 [Source:HGNC Symbol;Acc:HGNC:9406]","CERVIX_UTERI",26.5448847975258,20.0119144085916,29.8984928713766,21.4766594486677,31.8768678725501,19.1780027236526,26.453411551208,23.874269081991,21.4852209132541,21.0589142423514,23.3426383741609,19.1279576090697,26.3418321003031,21.4969156877239,26.8069492188657,25.8144389153855,24.0458463616544,23.0334147344592,23.8381325255065
"155","PPP5C","ENSG00000011485","protein phosphatase 5 catalytic subunit [Source:HGNC Symbol;Acc:HGNC:9322]","CERVIX_UTERI",24.5410702255334,17.6537890910972,20.9985723611739,25.6788345486304,29.7160578997031,24.5928109943298,23.5020643846281,24.1268332084862,20.705940900508,21.4964627220267,19.5829752214712,29.0401049106024,13.8997784381503,27.286346609846,20.7705641045165,26.8614974434684,25.9565527297717,21.4551463854341,22.0851959627647
"156","PSMB6","ENSG00000142507","proteasome 20S subunit beta 6 [Source:HGNC Symbol;Acc:HGNC:9543]","CERVIX_UTERI",64.9311311782175,81.9836607211755,52.5302142804045,85.5615112992448,35.0198336038848,81.2882479246139,58.0694361716136,87.8510232587179,92.8919035255447,80.8035765574515,61.4476946872345,109.780582593864,74.0503882675573,107.794539455113,68.9725698631874,88.3408311485855,101.987621767395,74.198173195713,77.0204461075057
"157","PSMD8","ENSG00000099341","proteasome 26S subunit, non-ATPase 8 [Source:HGNC Symbol;Acc:HGNC:9566]","CERVIX_UTERI",70.6130295028513,72.4475363498439,48.0326426753522,63.7411418625354,34.3861675799739,61.5772340819756,59.0032799858238,68.3825180196622,76.7040385793939,64.7810117317157,53.3867974538743,93.348770319599,65.6787901579343,91.2476317220949,63.3633305643547,85.1344424206827,75.0743478435428,58.417582613035,55.4889752961037
"158","RAD52","ENSG00000002016","RAD52 homolog, DNA repair protein [Source:HGNC Symbol;Acc:HGNC:9824]","CERVIX_UTERI",13.3141724224671,4.92529098738452,36.0697181081203,42.5342291416063,33.6059220292063,15.5635198368708,33.5400736264878,10.477302327546,13.6493870113116,30.0101992968098,17.1705255852323,13.3024631373804,5.29567963782993,13.4279001031144,33.757031246837,10.9934537888571,10.4465316175242,8.75356474689478,29.9841986061525
"159","RALGAPA1","ENSG00000174373","Ral GTPase activating protein catalytic subunit alpha 1 [Source:HGNC Symbol;Acc:HGNC:17770]","CERVIX_UTERI",6.77084291262348,4.82620398339362,7.42917665653344,7.52713437583434,15.3336035101032,6.68935680221774,6.75162170825843,6.04615429093566,6.79060999559313,5.5822221485542,6.06538281366573,6.4472565496526,4.00305009527793,6.56837535969997,6.2731339219939,7.56863829098112,6.72747072287913,6.05426027383597,8.13705687160043
"160","RBM33","ENSG00000184863","RNA binding motif protein 33 [Source:HGNC Symbol;Acc:HGNC:27223]","CERVIX_UTERI",24.181189731188,17.5139139697367,29.4665419796664,25.6604868068845,41.4739725453004,27.7567942784937,33.1409391910122,19.8151027463568,19.2960884499164,23.9959788428038,22.0875574387995,13.1607743456265,13.4295496300999,14.2795525031882,26.2441484395163,29.1701783115314,19.7902242998405,22.2310062213034,21.3066725131297
"161","RIOK2","ENSG00000058729","RIO kinase 2 [Source:HGNC Symbol;Acc:HGNC:18999]","CERVIX_UTERI",7.01844262073323,5.45134133930123,8.47274484825989,8.36782234218352,8.14807683612227,6.22176590040937,7.63363713499301,9.2033823373979,8.71392734244194,5.82836196621029,5.96428617503636,7.15678199106122,3.11207678617627,9.79547302267378,6.5461743107294,6.86752168415188,7.57121160624979,8.24184814674089,8.07935460198976
"162","RNF111","ENSG00000157450","ring finger protein 111 [Source:HGNC Symbol;Acc:HGNC:17384]","CERVIX_UTERI",15.6434920633588,8.7878192965096,11.0197526529305,9.63332220451676,15.4058250440474,12.3346023415206,13.5575308976164,9.82573178231496,10.4205518012948,9.27321065917131,12.0633691229556,11.1503139556007,12.3151290794581,12.7618028884199,12.2464326694129,12.1245913734625,12.5942234854069,12.4954812985928,11.3159726810042
"163","RNF139","ENSG00000170881","ring finger protein 139 [Source:HGNC Symbol;Acc:HGNC:17023]","CERVIX_UTERI",24.6752352834624,18.1621058309483,24.9152637325736,21.2495647101762,16.6689560918699,17.8266807020383,23.489040737135,39.0650590829486,28.7796555844382,17.6548610069559,23.7367915428774,24.8286295225807,17.2200287088609,28.6789827310946,21.537974204989,28.7270119133634,26.6227709165025,26.7842707209438,22.2146279644946
"164","RNF139-DT","ENSG00000245149","RNF139 divergent transcript [Source:HGNC Symbol;Acc:HGNC:48940]","CERVIX_UTERI",3.05568409425316,1.51962170077866,6.04521498406027,2.0490000315101,2.36292122257151,1.70382928606508,1.11307071281558,1.78418473687996,1.64520312566088,0.78018613775125,2.91832363939984,1.70741457147893,0.572669631206488,1.89151585690201,0.994277418893806,2.19674485193239,1.39845616560324,5.56012212193193,3.643980287168
"165","RPS16","ENSG00000105193","ribosomal protein S16 [Source:HGNC Symbol;Acc:HGNC:10396]","CERVIX_UTERI",536.492940879571,431.994842325877,589.816864232227,881.326608908184,689.076990715731,705.980752382922,689.559586453722,536.733705819974,437.035046462417,1038.94414485037,518.655631060333,681.798176791786,282.683399999878,633.386074104005,880.247687840862,597.716955873145,538.760510626382,562.137713551055,698.056013077166
"166","RPS6KL1","ENSG00000198208","ribosomal protein S6 kinase like 1 [Source:HGNC Symbol;Acc:HGNC:20222]","CERVIX_UTERI",2.1040020665361,0.749203889587869,1.61170724572322,1.12882461733601,1.18633698683872,3.42644694171089,0.716822278741644,1.90211563210908,1.50982675220448,1.97225702107854,1.40715013430082,1.03755453763758,0.816671514054438,1.42265322805048,1.25108460360581,1.98223881840106,0.986873791590114,1.78016765819585,1.53142563130573
"167","SARS2","ENSG00000104835","seryl-tRNA synthetase 2, mitochondrial [Source:HGNC Symbol;Acc:HGNC:17697]","CERVIX_UTERI",19.2264131184738,21.5438867738887,19.2801930247015,16.7170188322828,13.3321237373277,12.4255646396247,14.6890457486557,17.7573885757687,14.8387583528677,13.7921616121699,17.0410300253262,13.3886771729673,13.4769756910766,10.5946711951374,12.9820047593734,13.7582989444913,15.2193822123579,20.8917678547934,19.954208113818
"168","SELENOF","ENSG00000183291","selenoprotein F [Source:HGNC Symbol;Acc:HGNC:17705]","CERVIX_UTERI",142.505770781295,78.7257496894914,82.2779438419549,115.483442880481,106.420669695823,104.135556655937,134.928119052324,119.772273310764,171.667976976847,100.489151808494,117.886296513518,143.759598878802,48.3336533094399,158.371984110491,114.283775695038,126.317345861849,125.365541769271,128.179093090834,112.359683601612
"169","SENP8","ENSG00000166192","SUMO peptidase family member, NEDD8 specific [Source:HGNC Symbol;Acc:HGNC:22992]","CERVIX_UTERI",1.43271921370626,0.60962921036497,1.47441864372306,0.936680332289166,1.06882608727157,0.57589098086784,0.6375116107992,0.795748764067924,0.86908007277153,0.591412360111002,0.777087305672574,0.373831773510082,0.589168974646674,0.945959201636903,0.734320077651299,0.612288504915895,0.735012296358991,0.843511555943247,1.2278212996739
"170","SFR1","ENSG00000156384","SWI5 dependent homologous recombination repair protein 1 [Source:HGNC Symbol;Acc:HGNC:29574]","CERVIX_UTERI",6.61229593006009,3.80855887627088,6.6377089789828,7.24717637227439,8.37611654436355,6.691737804348,3.84770699325466,4.7175301954565,3.81663975548592,5.65997199651055,6.72545128032642,3.44329597123801,5.45032194347596,5.22783413090063,7.08116690909593,7.27518363117533,7.08696018423974,4.66165823466649,5.04565959632506
"171","SLC31A1","ENSG00000136868","solute carrier family 31 member 1 [Source:HGNC Symbol;Acc:HGNC:11016]","CERVIX_UTERI",19.5290600350496,10.6258912645762,7.49076326704666,5.9611655409102,6.74198382166315,9.82057814666842,6.22590332606124,11.3460084456107,10.7153275882844,5.40943664025034,13.0874312886839,12.9942168046894,13.4338530295877,13.7173057909228,5.2980026017746,9.52247455919907,9.48424186782093,14.0040686815552,6.90241671821074
"172","SNORD13","ENSG00000239039","small nucleolar RNA, C/D box 13 [Source:HGNC Symbol;Acc:HGNC:32711]","CERVIX_UTERI",0,0,0,0,0,0,0,0.696558402393024,0,0,0,0,0.616632327770881,1.3800750939965,0,0,0,0,0.757852717883041
"173","SOX2-OT","ENSG00000242808","SOX2 overlapping transcript [Source:HGNC Symbol;Acc:HGNC:20209]","CERVIX_UTERI",0.0706978918119864,0.0391188900009554,0.0698572288913873,0.269901037806196,0.236432805395174,0.136986855803276,0.219304095842796,0.128118877448742,0.261765437352141,0.0669082655645121,0.117470303994694,0.03503033125531,0.0540085582686303,0.132963273330975,0.0631931303998112,0.0710017980151018,0.0791331656407055,0.0436812208367019,0.092928546171274
"174","SUGT1P1","ENSG00000226823","SUGT1 pseudogene 1 [Source:HGNC Symbol;Acc:HGNC:19384]","CERVIX_UTERI",1.92391161354208,0.557620287960797,4.87932197562549,4.59799845467829,2.39602420604056,1.39794092172201,2.29413247780466,2.43502769239914,2.77518107421368,1.36558798850595,2.93034115469118,1.60204890986732,1.21253751847383,1.3568805546016,1.26110122750816,1.6101515462783,2.13850730298154,0.778317551343034,3.31162532184186
"175","SUPT5H","ENSG00000196235","SPT5 homolog, DSIF elongation factor subunit [Source:HGNC Symbol;Acc:HGNC:11469]","CERVIX_UTERI",54.3237820879311,31.7378880564354,71.1083728392247,53.8896366503664,52.3029557455349,39.9448674484642,53.8434853337744,44.5914446170593,46.6702019866131,51.1926904580039,55.5393899552872,47.5598156171722,27.6338797420086,45.2209760141606,47.702905459979,46.9806440058535,49.7796977749593,55.5805211386853,53.3447645593359
"176","TAF13","ENSG00000197780","TATA-box binding protein associated factor 13 [Source:HGNC Symbol;Acc:HGNC:11546]","CERVIX_UTERI",12.2649365363307,19.5752602088638,14.6937296065979,14.2932066248285,12.1570582023412,17.6917189982375,23.3401508857265,18.5244731699265,24.8656224249546,11.4011423840374,11.9033542273192,29.0669928573927,23.3157492163424,36.5995914927871,11.3625220598486,17.0804876029202,20.3026593333832,11.0085234461959,18.071539381291
"177","TAF5","ENSG00000148835","TATA-box binding protein associated factor 5 [Source:HGNC Symbol;Acc:HGNC:11539]","CERVIX_UTERI",4.67045046943099,2.88331322703842,8.12224955550877,5.52519581747908,5.47649784632714,5.2035418234097,6.34887825252919,5.29793624537362,5.84928006094977,4.88421032363905,4.69500192348929,5.38817518077775,3.64998033916767,7.42233777603501,4.3395697227488,5.15957986310476,4.69621921991729,3.58235657291352,7.64531468885193
"178","TAFAZZIN","ENSG00000102125","tafazzin, phospholipid-lysophospholipid transacylase [Source:HGNC Symbol;Acc:HGNC:11577]","CERVIX_UTERI",37.0664400375899,25.9045983255027,44.9267627533286,50.4328650667552,55.8797210317313,41.9088139402523,51.9198442219117,20.1168309290139,26.0553115724311,51.907963506327,46.9773225909017,24.185197434413,18.5420727071286,20.6581543619031,48.1111053234906,28.4753646810832,31.9113667613734,42.1566197341206,45.7774505090597
"179","TBC1D23","ENSG00000036054","TBC1 domain family member 23 [Source:HGNC Symbol;Acc:HGNC:25622]","CERVIX_UTERI",13.9103872584391,13.1352594805502,22.9520737669225,17.6357440728779,26.4993486836085,13.9201397921764,19.439754154029,12.4054247980367,15.5319925291325,16.1694402323241,13.1966818067567,12.8240565847274,13.674728680566,15.5386628423893,17.4376283218111,15.6905030943909,15.0301565909958,12.5882622909323,17.5995456248938
"180","TBC1D8","ENSG00000204634","TBC1 domain family member 8 [Source:HGNC Symbol;Acc:HGNC:17791]","CERVIX_UTERI",36.3730964787768,41.585804496892,18.6943574797472,16.8646653104676,21.5763828962582,21.7024725514876,10.2249417224812,11.7733387018071,14.9095797811321,20.3258474415225,34.5636514285423,15.2790976719087,10.4224157290893,16.6497019797773,20.6689890155917,22.624364877789,37.0864470478642,24.3053985897481,10.0252729021715
"181","TCEA1","ENSG00000187735","transcription elongation factor A1 [Source:HGNC Symbol;Acc:HGNC:11612]","CERVIX_UTERI",27.8813939210692,22.2742466011756,24.4430269841243,24.8927200597328,27.2235439540582,25.05267745299,29.0910147900714,27.3524206355773,27.9315846463781,31.4744747448212,25.1748391000103,29.6299712844589,23.1244804630508,31.8589475832668,35.5377754631517,34.945139067391,32.1190048163254,29.1012844302477,30.0449551339761
"182","TGDS","ENSG00000088451","TDP-glucose 4,6-dehydratase [Source:HGNC Symbol;Acc:HGNC:20324]","CERVIX_UTERI",12.7044550981022,8.53488572847529,15.6669770503572,11.986053136587,12.063483907027,9.96659103386755,12.8158418301344,9.31757844406149,10.5647681218424,8.48058213333183,11.143767338045,9.98773060322072,5.25125900451618,13.2218550140939,8.63676549437901,8.61459063670472,8.34740278208109,14.62455372101,12.4815913057292
"183","TIMM23","ENSG00000265354","translocase of inner mitochondrial membrane 23 [Source:HGNC Symbol;Acc:HGNC:17312]","CERVIX_UTERI",38.7820906517037,38.8257955819513,35.5008606262572,33.2621164806514,27.4250203596102,45.680306278274,34.5763282699116,41.8527857097425,44.957024996018,26.3601443542334,32.0805338988725,52.759634832619,34.5838897022137,52.5603067713559,24.9299691922379,39.3251185998242,49.9801706817945,38.6850573702559,39.5373375372174
"184","TIMM23B","ENSG00000204152","translocase of inner mitochondrial membrane 23 homolog B [Source:HGNC Symbol;Acc:HGNC:23581]","CERVIX_UTERI",8.69033897687658,8.57687880745984,7.89856211172097,7.62220555346866,11.3396212046855,13.2580749545282,8.02622989717644,9.69529064273222,10.882778139194,10.5878747590502,6.8944572510449,11.1382812654257,4.34386804720273,10.3324993948429,11.3437210873599,9.30452625872261,10.684569864665,10.9834461361908,9.64575893808205
"185","TMEM177","ENSG00000144120","transmembrane protein 177 [Source:HGNC Symbol;Acc:HGNC:28143]","CERVIX_UTERI",7.75536601867934,6.23056640918175,5.22434358363919,5.61780182136505,6.1357704641431,6.79932728576522,4.479163422959,7.27779721820223,5.79485259855129,3.99076263101592,5.44638694398308,6.05388553912768,2.84966098923483,6.04502753691819,3.94313413176046,4.73837487498282,6.05117986101067,7.73024510808398,6.7304817881854
"186","TMTC3","ENSG00000139324","transmembrane O-mannosyltransferase targeting cadherins 3 [Source:HGNC Symbol;Acc:HGNC:26899]","CERVIX_UTERI",7.60339392513535,9.11987334068599,9.14731358771554,5.35544135556497,5.37619423850471,5.3481421186787,8.77035832135925,7.24717348590487,8.24032202137203,3.91334779072754,6.29223578753079,6.17841431512636,7.15081419763017,7.88452892516628,4.37289045130151,8.91224484640723,7.52351525189581,7.31148979553985,8.03549364636245
"187","TOMM7","ENSG00000196683","translocase of outer mitochondrial membrane 7 [Source:HGNC Symbol;Acc:HGNC:21648]","CERVIX_UTERI",150.712635978639,114.068538517806,140.268663784729,321.458124972217,281.682260207678,206.774614264116,265.242148733305,173.472082037882,117.600477273932,370.361604494345,163.805621338066,160.860981625901,64.0198881382776,161.806908336439,326.068129518288,186.246073032618,163.491199097546,186.191693835848,238.160518534091
"188","TRAPPC5","ENSG00000181029","trafficking protein particle complex subunit 5 [Source:HGNC Symbol;Acc:HGNC:23067]","CERVIX_UTERI",9.26174467124813,11.6817958438526,12.5981012096014,10.7135229472298,8.79015797846281,9.06424444295636,9.52766787273183,7.06658437791984,14.2004679133516,11.8229444931843,12.9757598983601,9.26942483156253,9.76256565215949,9.76009360883887,8.14020932573514,7.08432597069887,12.5278102898466,10.4432120090664,10.691485088272
"189","TSEN2","ENSG00000154743","tRNA splicing endonuclease subunit 2 [Source:HGNC Symbol;Acc:HGNC:28422]","CERVIX_UTERI",7.20462519123324,6.27620477277069,5.54746276494707,7.31038752014318,8.93259003186398,7.24090803875304,5.3510139465467,5.53510110756355,6.01950339937084,5.90081378763698,6.04971901923984,5.89635827018751,3.17989467915586,5.62258227813501,6.17020535294139,7.39788915488925,5.8585073898406,7.29583088678739,6.52285586156047
"190","TTC23","ENSG00000103852","tetratricopeptide repeat domain 23 [Source:HGNC Symbol;Acc:HGNC:25730]","CERVIX_UTERI",11.4696175113117,7.94382161690932,18.1061892569811,17.6216720216542,15.4257623662905,13.4450123695323,15.6442130405522,12.6078430413623,13.3089523084119,11.1954917235953,9.92290197740834,9.73121292344261,5.53885876200702,10.8556329775001,12.5343985293962,12.7655580236362,13.3475563169728,10.4491030220839,16.0248622844495
"191","TTI2","ENSG00000129696","TELO2 interacting protein 2 [Source:HGNC Symbol;Acc:HGNC:26262]","CERVIX_UTERI",8.0978664093759,5.81525847439931,8.8410263177487,7.5907269609445,5.96373681513706,8.5983778214954,8.99295249908226,7.9957381368014,9.09197172395159,4.77276559886162,6.46839074700785,9.2772713022634,5.90868722224036,10.6235055790825,5.68720212500129,5.84536115114087,7.23303749089921,8.3713195958095,8.58732212778888
"192","TUBE1","ENSG00000074935","tubulin epsilon 1 [Source:HGNC Symbol;Acc:HGNC:20775]","CERVIX_UTERI",14.1839162812234,5.06264523020539,29.2157537826352,33.5173184355797,34.3602912639705,14.568684184845,20.4791227817134,13.9939012583442,11.3331501892025,21.7615847346603,13.3602164170392,13.8292141898715,3.3568568997824,15.2625657462547,23.8030369937272,14.9373479544341,13.0934237473288,15.8222704993574,21.4307228342248
"193","TXNL1","ENSG00000091164","thioredoxin like 1 [Source:HGNC Symbol;Acc:HGNC:12436]","CERVIX_UTERI",12.2463609750063,7.758660970716,14.558932830617,15.2277667001857,12.7582407966674,9.96670477882546,12.1116024607463,14.2024423415876,12.1530234402369,11.4109231753306,10.1756397600194,13.5852015026667,8.37240211365314,15.2318856364832,11.8749792166475,13.2283825921005,13.5771058452377,11.0245257322081,12.996590528879
"194","UBR1","ENSG00000159459","ubiquitin protein ligase E3 component n-recognin 1 [Source:HGNC Symbol;Acc:HGNC:16808]","CERVIX_UTERI",13.1060988057219,6.18251945983932,14.6797409437911,13.4318242528787,16.1535962805558,13.85174337962,13.2498842053186,12.9444237518033,13.931811516802,9.83555915009155,10.5371856589922,14.4613343999667,4.59269347750706,15.2664551896728,11.4200921946523,15.8489642955928,13.0214588517164,13.2623178372,11.7415263551468
"195","USP48","ENSG00000090686","ubiquitin specific peptidase 48 [Source:HGNC Symbol;Acc:HGNC:18533]","CERVIX_UTERI",24.9991012789231,13.9812556964238,28.2812632905424,17.1361016431382,25.7642128207938,21.7672713132351,22.1300788322338,18.0933557091219,19.0560290840921,20.4801930861224,21.1804733217383,17.081242476252,12.6544355220842,16.6544852451038,23.1261425638123,23.1616324144647,19.8208540416082,23.8585922770418,22.7561697223619
"196","UTP14A","ENSG00000156697","UTP14A small subunit processome component [Source:HGNC Symbol;Acc:HGNC:10665]","CERVIX_UTERI",12.1559015406159,9.10843474528379,11.4061762062946,16.084556864824,16.2711919921154,12.2833944393943,11.6125047256928,12.4783998017146,10.9133129984738,11.486635773149,8.13701470005987,15.8258499736049,6.62166860807645,15.5397738746559,11.4747252013604,11.6080619574657,11.897653060024,11.6573572940768,13.6150178511975
"197","UTP25","ENSG00000117597","UTP25 small subunit processome component [Source:HGNC Symbol;Acc:HGNC:28440]","CERVIX_UTERI",5.35441759523186,5.35919529260087,4.74059799887053,4.41453937986749,5.36906379009118,4.82405184942562,4.9545424379799,5.22230833066288,5.30964675070258,3.74486739484828,4.66966266869791,5.67909326533537,2.90487549936784,6.33536400127613,4.34621716895511,5.23708928724158,4.95049030603023,5.72000390720637,4.3753285670842
"198","VAMP8","ENSG00000118640","vesicle associated membrane protein 8 [Source:HGNC Symbol;Acc:HGNC:12647]","CERVIX_UTERI",81.4799240694152,231.779660339842,24.3818240539589,20.923215190228,18.9641499397137,10.8289430322394,8.40005430334631,15.0738052655234,19.5440024741594,8.38970667685922,89.7267034266842,17.2962437493958,213.895428702165,25.806010242488,7.57934576128644,15.9479818203904,11.4685139123377,69.3057973759146,12.0215344258942
"199","WDR7","ENSG00000091157","WD repeat domain 7 [Source:HGNC Symbol;Acc:HGNC:13490]","CERVIX_UTERI",4.43477931257157,2.45233543233428,2.48940557275604,2.70448093125623,3.32612157333428,5.22928837206748,3.61286902941172,3.46193165455944,4.19866824430544,3.29966339417167,2.42775717243441,3.64426826062593,2.92984831255378,4.4400886737652,3.86795833673501,5.29870566835027,4.33072308554116,3.10188357928648,3.53555145868005
"200","ZC3H10","ENSG00000135482","zinc finger CCCH-type containing 10 [Source:HGNC Symbol;Acc:HGNC:25893]","CERVIX_UTERI",5.00412502033658,2.36764625575793,5.43908351134529,5.39330442557255,3.47235367797756,5.25864796000429,5.7065586299907,4.63033576940466,4.76476032259844,4.99188236819164,4.04186494856841,3.6529963843572,1.49262324330929,4.99396738881435,5.54078472329394,4.83547685065222,4.35732135469,5.07745533021703,4.7863628174806
"201","ZC3H15","ENSG00000065548","zinc finger CCCH-type containing 15 [Source:HGNC Symbol;Acc:HGNC:29528]","CERVIX_UTERI",37.192956704376,32.5095304458527,44.1153161917832,50.4014198608015,56.4568769696847,39.0852849663271,42.8738771642795,37.5771525468882,42.9180643054716,46.7552079059849,34.462884809964,45.8543449026088,29.5509943702295,50.3380734445109,51.9846103598506,39.2413253646577,40.9176328533164,35.3526028332143,43.1032674130112
"202","ZEB1","ENSG00000148516","zinc finger E-box binding homeobox 1 [Source:HGNC Symbol;Acc:HGNC:11642]","CERVIX_UTERI",37.4341302572187,18.4955236067681,46.36484043775,47.4327394342552,42.59787988187,33.8821374351199,57.5379442165628,49.0177408367008,62.1999890427693,32.4550710775796,39.8805256397047,37.9804966591481,4.37416874358628,44.5931778927191,34.1780301462126,58.9399603336577,52.1864244589042,39.155149478427,45.9870285993287
"203","ZEB1-AS1","ENSG00000237036","ZEB1 antisense RNA 1 [Source:HGNC Symbol;Acc:HGNC:42354]","CERVIX_UTERI",8.70522715035488,3.27367212125458,11.9951590619788,11.4259841525809,10.030365533582,6.88984299747862,12.3227108287148,5.91865547238259,9.53312005655235,6.24022103648723,6.76447490060928,5.60969927481602,1.54005171289788,6.36902314326757,6.09137240000648,10.0630478836419,7.97125666577302,8.72284513976075,11.4388085509969
"204","ZMAT2","ENSG00000146007","zinc finger matrin-type 2 [Source:HGNC Symbol;Acc:HGNC:26433]","CERVIX_UTERI",82.1272424434215,76.1711775254175,80.6138311171635,101.503607166438,82.1149922499456,73.1194764962904,85.8548596567183,81.9570923786935,72.0444358338916,76.8480704878334,78.3960736592267,77.0915709116065,64.0589786863084,79.288817651993,92.4278628134626,90.1784389631733,100.254558703879,84.9321416965114,91.90929937099
"205","ZNF330","ENSG00000109445","zinc finger protein 330 [Source:HGNC Symbol;Acc:HGNC:15462]","CERVIX_UTERI",33.5834855316564,19.9907752761214,58.744265993611,36.7712960013132,44.9035053280074,31.6908258057321,48.6249200209479,38.7633652259159,30.5795189029287,38.2766702645789,33.7247091134494,31.1087851264772,11.3794924840999,38.0892018844648,40.594928078234,26.0514393239961,29.3324739871468,44.936667155175,32.695248485074
"206","ZNF862","ENSG00000106479","zinc finger protein 862 [Source:HGNC Symbol;Acc:HGNC:34519]","CERVIX_UTERI",17.5171810079979,6.08467585155989,32.3331772482077,19.8150279786486,20.0751803091821,13.8223504533245,13.6214403709068,12.5978742897331,12.9324096464306,11.8232165268194,20.0469949487118,9.33379644176554,4.68611310157933,9.62811108281399,10.3874798794627,12.1374484175327,9.55789242658611,13.8435271231761,15.8194338149992
"207","ZNHIT6","ENSG00000117174","zinc finger HIT-type containing 6 [Source:HGNC Symbol;Acc:HGNC:26089]","CERVIX_UTERI",14.7285673974376,12.3997403455823,13.9072880515529,10.0277471542645,14.96402044207,14.1857930507858,30.2277248611623,13.4433411208981,12.5892997189438,12.144240359942,11.408179010358,12.4174242964704,6.41608076402557,13.3406516751277,14.8690692736988,14.1734908486143,12.7745025565426,17.9470456935087,16.1143677472991
"208","ZZEF1","ENSG00000074755","zinc finger ZZ-type and EF-hand domain containing 1 [Source:HGNC Symbol;Acc:HGNC:29027]","CERVIX_UTERI",14.8323835388065,9.12730081621485,16.3932680508702,13.3263188616854,17.509802326667,16.5537757968367,13.8025832456421,18.6694146737369,12.636005223665,16.3935540204749,15.0774028035919,12.4783299555404,7.44370522285555,12.3975558072354,16.1431758844621,17.5944397016235,15.1347561818325,16.1416726943631,13.2486286698012
