"","name","target","description","GTEX.T6MO.1026.SM.4DM72.1","GTEX.U3ZN.1126.SM.4DXUL.1","GTEX.PLZ4.2326.SM.EYYV5.1","GTEX.T5JW.0326.SM.4DM6J.1","GTEX.S32W.1326.SM.4AD5Q.1","GTEX.SE5C.0926.SM.4BRUF.1","GTEX.S341.0826.SM.4AD73.1","GTEX.TSE9.2326.SM.EZ6ME.1","GTEX.OHPK.2326.SM.3MJH2.1"
"1","SET","ENSG00000119335","SET nuclear proto-oncogene [Source:HGNC Symbol;Acc:HGNC:10760]",91.1947452990637,62.6327844556724,98.307918374321,108.690133053768,92.4305780366749,93.2478654459281,79.2066124966806,107.798530105597,83.3027849516537
"2","HOXA9","ENSG00000078399","homeobox A9 [Source:HGNC Symbol;Acc:HGNC:5109]",79.5059705099297,0.844472047093776,37.6697494933784,68.8884443250571,9.12876482953876,13.126574874171,0.677583464159702,0.996325089464173,21.7802869288268
"3","HOXA10","ENSG00000253293","homeobox A10 [Source:HGNC Symbol;Acc:HGNC:5100]",27.6743533617484,0.480923348169165,16.3331211435948,33.1881433978448,2.45905684837473,11.6381953149189,0.610930020688461,0.655251218640873,29.450609386646
"4","KMT2A","ENSG00000118058","lysine methyltransferase 2A [Source:HGNC Symbol;Acc:HGNC:7132]",19.7040838145935,13.2499051186456,17.7421828360104,10.9995481085411,13.1893867192203,7.06912324814919,14.9337195720984,17.1103982481289,15.6395576450009
"5","PHF8","ENSG00000172943","PHD finger protein 8 [Source:HGNC Symbol;Acc:HGNC:20672]",21.8809027511539,29.3024859942021,14.8473166687994,11.7076768137549,21.3273218507649,10.1073291789726,13.0475618035299,22.5024583042899,12.1823655307469
"6","PHF6","ENSG00000156531","PHD finger protein 6 [Source:HGNC Symbol;Acc:HGNC:18145]",5.16376834494304,6.10157933805982,6.38384115854866,5.53733704228393,8.2067289963585,4.63289841066539,7.2573519221749,5.45437784618648,3.85532341702478
"7","HMGA1","ENSG00000137309","high mobility group AT-hook 1 [Source:HGNC Symbol;Acc:HGNC:5010]",18.4555077641812,68.5186062642885,14.8257102975708,15.6708588653224,39.4675189727206,43.9325978774326,9.82358966079658,22.6165388035541,7.71680656187121
"8","BMP5","ENSG00000112175","bone morphogenetic protein 5 [Source:HGNC Symbol;Acc:HGNC:1072]",0.0982540178508504,0.0196134357030353,0.0777693747293742,0.180572390107935,0.211439273587585,0.034933433224619,0.125356015204682,0.0372502801420334,0.032925924260463
"9","PDE4D","ENSG00000113448","phosphodiesterase 4D [Source:HGNC Symbol;Acc:HGNC:8783]",3.65727626592787,2.91835607736171,3.24626575903093,4.23587306207965,3.49823630857594,14.0274914071512,6.01921467366855,3.34452147341474,3.26345415409837
"10","RUNX1","ENSG00000159216","RUNX family transcription factor 1 [Source:HGNC Symbol;Acc:HGNC:10471]",2.15916074753642,5.43989608340479,0.853515641854601,1.87409421506346,2.75586656787097,16.5014107913848,2.43118319972447,1.28553888329902,1.09034830322295
"11","TCF4","ENSG00000196628","transcription factor 4 [Source:HGNC Symbol;Acc:HGNC:11634]",6.90143452382956,5.24213542636123,13.3996621480133,6.72386484376382,7.10289192045158,7.93772764718668,11.459700487857,9.72586234880478,9.0620548975386
"12","BCL11A","ENSG00000119866","BAF chromatin remodeling complex subunit BCL11A [Source:HGNC Symbol;Acc:HGNC:13221]",0.472914478946259,3.15602311443019,0.779829503256459,0.485689061316703,2.24038185375175,0.403868028482449,0.109855703832081,0.386709057512711,0.155371047972955
"13","DNTT","ENSG00000107447","DNA nucleotidylexotransferase [Source:HGNC Symbol;Acc:HGNC:2983]",0,0,0,0.0361877325409005,0.0385214829991765,0,0.0717773068804553,0,0
"14","MYB","ENSG00000118513","MYB proto-oncogene, transcription factor [Source:HGNC Symbol;Acc:HGNC:7545]",0.480691639198364,29.0406533906604,0.195832148417386,1.14325038307259,11.9623475824386,0.540364819630335,0.618437353001673,1.92960926865734,0.307955995777453
"15","MYC","ENSG00000136997","MYC proto-oncogene, bHLH transcription factor [Source:HGNC Symbol;Acc:HGNC:7553]",211.915208624977,65.5535528377633,87.0007368565307,194.944147238333,160.73765891779,283.543444307604,731.024197687047,73.2386434295651,209.406947285992
"16","CEBPB","ENSG00000172216","CCAAT enhancer binding protein beta [Source:HGNC Symbol;Acc:HGNC:1834]",202.130335550157,43.5511326126465,142.908939387668,114.960285892708,104.043216987144,188.522522988225,260.656721218847,255.854272831756,206.394371897484
"17","PARP1","ENSG00000143799","poly(ADP-ribose) polymerase 1 [Source:HGNC Symbol;Acc:HGNC:270]",23.615392250844,29.0846814544126,21.8429429306853,32.1821760788018,30.6972749173201,34.1724116222633,20.8891687013554,16.9821787682143,19.7753220521653
"18","TAF1A","ENSG00000143498","TATA-box binding protein associated factor, RNA polymerase I subunit A [Source:HGNC Symbol;Acc:HGNC:11532]",3.56779853863161,3.74843582237491,3.26454075806994,2.95801900811009,5.09053081451778,4.31576925505504,3.39805423737268,2.66966774572335,2.44964327147343
"19","ANP32A","ENSG00000140350","acidic nuclear phosphoprotein 32 family member A [Source:HGNC Symbol;Acc:HGNC:13233]",20.8150146983337,28.4095312419225,27.2043128185754,25.1716379913196,25.7175221192413,23.1589398880203,21.9428288841831,22.7337314152085,18.4990970965612
"20","ATRIP","ENSG00000164053","ATR interacting protein [Source:HGNC Symbol;Acc:HGNC:33499]",9.11374019883938,9.05104093106812,11.8278638613869,7.05894834559019,9.62615446807283,5.77762385684176,8.03620156237695,5.85922814413198,8.7205808788742
"21","TREX1","ENSG00000213689","three prime repair exonuclease 1 [Source:HGNC Symbol;Acc:HGNC:12269]",19.2139667422494,39.6220901518773,15.3253558894493,23.5281396104887,23.3067777651628,11.9248082313,18.9369266870884,8.62420109838772,19.8198632824628
"22","NME1","ENSG00000239672","NME/NM23 nucleoside diphosphate kinase 1 [Source:HGNC Symbol;Acc:HGNC:7849]",10.2100957011661,12.8510790581982,12.4260893197608,39.9570248686773,29.4754107646358,44.1316358307039,9.3251624015737,9.52731714208633,10.3894220069612
"23","APEX1","ENSG00000100823","apurinic/apyrimidinic endodeoxyribonuclease 1 [Source:HGNC Symbol;Acc:HGNC:587]",105.207443232923,119.391954079978,98.6729249668132,184.762282317345,147.780091864521,132.127653885031,96.0268475666945,90.5056191448388,119.429135940876
"24","AASDH","ENSG00000157426","aminoadipate-semialdehyde dehydrogenase [Source:HGNC Symbol;Acc:HGNC:23993]",5.87372399004681,8.86045175804606,9.32798030971879,6.51674659272212,11.4746343415312,5.5471950054557,8.81994118152015,5.32991159216625,7.21353656870569
"25","ABT1","ENSG00000146109","activator of basal transcription 1 [Source:HGNC Symbol;Acc:HGNC:17369]",22.4895284014081,18.4252698632673,10.8128175742753,23.7874028568853,15.9450463240552,20.3644502289274,18.5510628021471,11.4066446175723,18.4440554829204
"26","AFF1","ENSG00000172493","ALF transcription elongation factor 1 [Source:HGNC Symbol;Acc:HGNC:7135]",42.1619937070867,27.2769914434212,49.8830000071656,41.4223944279499,28.4096672878176,30.5814168048573,38.9436261617316,27.1781209131545,46.3426938748878
"27","ANAPC7","ENSG00000196510","anaphase promoting complex subunit 7 [Source:HGNC Symbol;Acc:HGNC:17380]",19.683165752252,26.52109909787,21.3668153887021,31.6729922213245,32.7421707419927,21.8722242560687,17.5370511242749,17.3083807923464,15.742986303284
"28","ARL5B","ENSG00000165997","ADP ribosylation factor like GTPase 5B [Source:HGNC Symbol;Acc:HGNC:23052]",9.90715087564599,6.49526342867321,8.09363477102936,6.80301210109365,8.00180492934646,9.77487560711955,21.1648495976995,9.3286793840078,6.22045565883941
"29","ASB7","ENSG00000183475","ankyrin repeat and SOCS box containing 7 [Source:HGNC Symbol;Acc:HGNC:17182]",8.17321960401877,6.11825808870047,8.69869981547746,7.10051991892574,8.89558613077742,5.052111043261,7.12051631446767,5.27806859884652,8.28188573182689
"30","BAG5","ENSG00000166170","BAG cochaperone 5 [Source:HGNC Symbol;Acc:HGNC:941]",21.216157279721,20.0287895537117,17.6966565491183,22.5553859758514,19.4702819967524,20.0760074732464,18.0589852145045,14.9698777114448,27.5132546213065
"31","BET1L","ENSG00000177951","Bet1 golgi vesicular membrane trafficking protein like [Source:HGNC Symbol;Acc:HGNC:19348]",64.9910396512522,42.7840630850761,56.7332011934766,55.5510884194015,45.562907337268,45.2396991653135,40.6740175414991,71.6274735269692,56.5000007424016
"32","BRCA1","ENSG00000012048","BRCA1 DNA repair associated [Source:HGNC Symbol;Acc:HGNC:1100]",2.47202791991085,3.15366107791051,2.17022056070619,1.07979131999984,2.41805419308707,1.52416581688118,1.46748470612686,1.19625087046575,0.933410465293701
"33","C4orf36","ENSG00000163633","chromosome 4 open reading frame 36 [Source:HGNC Symbol;Acc:HGNC:28386]",1.42941511267614,2.32389811535986,2.85766297487549,1.51661619732703,1.93154171528774,1.59800239361012,1.20863723198702,1.13133412493611,1.09876370856586
"34","C4orf46","ENSG00000205208","chromosome 4 open reading frame 46 [Source:HGNC Symbol;Acc:HGNC:27320]",3.58110343753396,3.2625819758842,3.35771881606363,3.29069701719914,3.91023002120113,2.83146246646987,3.79476807421603,3.5323252244927,3.2094743287711
"35","CCDC174","ENSG00000154781","coiled-coil domain containing 174 [Source:HGNC Symbol;Acc:HGNC:28033]",18.3011978752541,15.5852904941937,24.0275000457467,15.6932640894974,13.8854996930103,9.02650050171792,16.2004368986167,26.8055362376412,19.265999025485
"36","CCDC184","ENSG00000177875","coiled-coil domain containing 184 [Source:HGNC Symbol;Acc:HGNC:33749]",2.75107895171699,0.264660001360292,1.44293224849994,1.00510152916417,3.69608943665338,2.09177163793476,4.53088505660236,0.471232737264136,1.41619417126437
"37","CDK8","ENSG00000132964","cyclin dependent kinase 8 [Source:HGNC Symbol;Acc:HGNC:1779]",12.2043376185352,6.44110106900177,10.1203059017529,9.27829732688008,9.984010593721,7.17989676966641,8.44148196000633,9.15400892218472,8.27522098711242
"38","CDKN2C","ENSG00000123080","cyclin dependent kinase inhibitor 2C [Source:HGNC Symbol;Acc:HGNC:1789]",5.12583926471952,6.6112056375063,22.1615997940383,6.62434003609464,10.9207359416147,11.629569440923,14.632273437225,14.7301843171419,20.7852091377322
"39","CEP192","ENSG00000101639","centrosomal protein 192 [Source:HGNC Symbol;Acc:HGNC:25515]",7.70246400833699,7.90702160159372,12.0985300212764,7.76255919913104,8.04066801021575,5.82848156220021,7.79847643887331,17.5151035439764,8.47029960110616
"40","CEP192-DT","ENSG00000266969","CEP192 divergent transcript [Source:HGNC Symbol;Acc:HGNC:55313]",20.9714702337383,10.6293235514677,9.4018908217132,16.4102969075981,13.4620392739401,21.2619319653369,16.2746714760972,16.3052492064749,12.2162125403841
"41","CEP290","ENSG00000198707","centrosomal protein 290 [Source:HGNC Symbol;Acc:HGNC:29021]",10.3691168953423,20.7958003699295,13.0698366697191,5.99035867092914,16.2268891768041,5.92071250194415,7.30343080036448,12.0669966031768,6.90825701304953
"42","CEPT1","ENSG00000134255","choline/ethanolamine phosphotransferase 1 [Source:HGNC Symbol;Acc:HGNC:24289]",9.16633256618887,18.7124066363534,9.4252821566701,7.90557213691326,15.2416316691723,8.51676520691993,9.32920704431225,8.52166684513026,6.99105077976491
"43","CHEK1","ENSG00000149554","checkpoint kinase 1 [Source:HGNC Symbol;Acc:HGNC:1925]",1.19604415166827,1.4065208066345,1.78089259215592,0.848772837528387,1.70276937751346,1.57887612195442,1.14392757028327,0.942810384125537,1.14090988547539
"44","CHERP","ENSG00000085872","calcium homeostasis endoplasmic reticulum protein [Source:HGNC Symbol;Acc:HGNC:16930]",38.4806259485533,40.651795691519,24.8243711613656,28.3440933109034,35.3290836251679,24.8538605231663,26.6510913451112,25.9483269954553,24.4579776421193
"45","CIAO3","ENSG00000103245","cytosolic iron-sulfur assembly component 3 [Source:HGNC Symbol;Acc:HGNC:14179]",9.15507675625146,20.428188620303,10.0159197873903,7.10891276589548,17.1789551557903,7.70296648597332,6.35999569154991,16.7729536937384,8.73003182695219
"46","CLEC16A","ENSG00000038532","C-type lectin domain containing 16A [Source:HGNC Symbol;Acc:HGNC:29013]",7.26632048495138,9.60534247792338,6.45108484071418,7.34534721301253,9.59136724290985,6.89894554744383,4.93070173699066,10.02456251367,5.2261498512135
"47","CNIH2","ENSG00000174871","cornichon family AMPA receptor auxiliary protein 2 [Source:HGNC Symbol;Acc:HGNC:28744]",1.68907632040553,4.34578373910772,1.2626528931412,0.965752460115208,5.50732463564834,0.934169644007598,2.08657220861859,1.13842905458727,1.00626971620957
"48","COA8","ENSG00000256053","cytochrome c oxidase assembly factor 8 [Source:HGNC Symbol;Acc:HGNC:20492]",9.12484963827625,9.93545222298863,13.2489584012506,8.76600883510346,10.220027672163,8.30378013645059,7.30763081921575,8.16186606115129,13.9654152161347
"49","COX4I1","ENSG00000131143","cytochrome c oxidase subunit 4I1 [Source:HGNC Symbol;Acc:HGNC:2265]",68.9410552310964,76.0241653010139,101.448721182345,80.7739188829794,76.5509006775381,80.3507455094331,60.9215883575818,83.6368289102218,75.2852082737798
"50","CRLS1","ENSG00000088766","cardiolipin synthase 1 [Source:HGNC Symbol;Acc:HGNC:16148]",14.1436603805786,17.4366584471623,14.5230324704117,13.780746794743,16.2538277059699,19.3202572569695,12.6652327793944,15.639679257488,16.0291492823216
"51","CTNNBL1","ENSG00000132792","catenin beta like 1 [Source:HGNC Symbol;Acc:HGNC:15879]",25.6495098172029,17.6589010400154,21.8023479768071,25.6855779643176,17.7824006520297,19.8864548076079,20.9860371838184,19.484087707233,26.4293250676633
"52","CWF19L2","ENSG00000152404","CWF19 like cell cycle control factor 2 [Source:HGNC Symbol;Acc:HGNC:26508]",13.5107972261663,10.3248718507497,16.2426583831596,13.4912636700179,11.1369146464807,7.82618162665455,14.3086387598183,16.3615796242066,13.7354340999828
"53","CYB5D2","ENSG00000167740","cytochrome b5 domain containing 2 [Source:HGNC Symbol;Acc:HGNC:28471]",17.5108652836762,37.9035847193345,17.0081836381101,18.9688730389461,22.0373247993951,18.0321835515824,21.5041785056267,15.9896912867791,15.0578007795742
"54","CZIB","ENSG00000162384","CXXC motif containing zinc binding protein [Source:HGNC Symbol;Acc:HGNC:26059]",45.6925196952494,35.396188632452,46.4578680359043,47.0764736726413,41.3089033468861,26.5221912247347,29.0534446364978,40.256403485147,35.2205683923872
"55","CZIB-DT","ENSG00000259818","CZIB divergent transcript [Source:HGNC Symbol;Acc:HGNC:55408]",0.108131405888767,0.086340627010187,0.0213968650049072,0.0198725170065875,0.0211540975979883,0.0192226299225417,0.0197082775227315,0,0.054353906715685
"56","DCAF8","ENSG00000132716","DDB1 and CUL4 associated factor 8 [Source:HGNC Symbol;Acc:HGNC:24891]",73.8419750582546,97.2607191238598,56.8954062294542,53.0019830361995,74.602672953549,39.3590530497286,54.6814225533365,84.026144772487,54.9769456250488
"57","DDI2","ENSG00000197312","DNA damage inducible 1 homolog 2 [Source:HGNC Symbol;Acc:HGNC:24578]",13.7261575392613,9.91896824622677,10.2376435390697,9.77290628250083,11.0979579938257,7.71280465180494,10.3336137411896,14.9869638965381,10.8293082732468
"58","DGCR6L","ENSG00000128185","DiGeorge syndrome critical region gene 6 like [Source:HGNC Symbol;Acc:HGNC:18551]",58.5478153094468,69.4520936108673,60.323695721625,66.6006053991303,71.0931660592082,50.1862056668109,51.0861608999821,42.0973356586086,50.0647523299336
"59","DLAT","ENSG00000150768","dihydrolipoamide S-acetyltransferase [Source:HGNC Symbol;Acc:HGNC:2896]",10.4811227825443,21.4518613724187,10.4812704887803,15.5693992617411,21.5580922571661,15.7175140668665,11.3974221333994,8.91323407844855,10.3430612767755
"60","DNAI7","ENSG00000118307","dynein axonemal intermediate chain 7 [Source:HGNC Symbol;Acc:HGNC:29599]",2.15722154748089,34.5549403910191,0.832912110922728,1.81306424214065,19.2998893481647,0.841810537217648,1.15077113144925,3.74017040450498,0.727314928582749
"61","DNAJC19","ENSG00000205981","DnaJ heat shock protein family (Hsp40) member C19 [Source:HGNC Symbol;Acc:HGNC:30528]",12.712327312149,14.7632179209716,17.2056392115993,12.8953461109272,14.7225971304215,7.75752119712616,11.95986873898,19.2124188881137,14.0972904810793
"62","DNAJC9-AS1","ENSG00000227540","DNAJC9 and MRPS16 antisense RNA 1 [Source:NCBI gene (formerly Entrezgene);Acc:414245]",9.50095447507542,176.876467012828,7.92883595379181,12.3745106351244,62.3877546534238,5.43415568067733,4.81854805679176,31.3219376853864,4.70658573513819
"63","DNAJC9-AS1","ENSG00000236756","DNAJC9 and MRPS16 antisense RNA 1 [Source:HGNC Symbol;Acc:HGNC:31432]",7.21808976684711,75.8479234036446,5.39738545130993,9.9819531006807,27.58951151462,7.11459015994498,5.86151982751988,15.6921947008151,4.55032233288893
"64","DPH5","ENSG00000117543","diphthamide biosynthesis 5 [Source:HGNC Symbol;Acc:HGNC:24270]",11.6097741464426,13.4145862356146,25.0946323116643,9.61107186136779,16.5996203851414,10.4356162825856,12.6770807672581,15.6630780640861,11.5884176205923
"65","DPY30","ENSG00000162961","dpy-30 histone methyltransferase complex regulatory subunit [Source:HGNC Symbol;Acc:HGNC:24590]",18.955258187701,39.1938322342342,29.0269870656571,23.1634709786719,34.924236053429,22.0539027225756,18.8726465557677,23.2215939466411,19.1274070875449
"66","DRAM2","ENSG00000156171","DNA damage regulated autophagy modulator 2 [Source:HGNC Symbol;Acc:HGNC:28769]",20.788521222378,45.2772600534604,33.8147585797484,14.8955534142064,30.8650620474282,19.3358890699725,22.1248401902583,28.5231259177056,24.2166920215336
"67","E4F1","ENSG00000167967","E4F transcription factor 1 [Source:HGNC Symbol;Acc:HGNC:3121]",21.7501306539826,18.7666450706831,17.4987652882166,17.5117197226648,21.3227058669875,13.4132160700559,14.4595956507405,17.5680746392823,14.5631537868356
"68","EED","ENSG00000074266","embryonic ectoderm development [Source:HGNC Symbol;Acc:HGNC:3188]",7.9475288710499,9.66694137130787,9.50595374257635,4.90259186588599,9.78788276579761,5.0275862500704,6.70804765513765,11.1941551666508,5.24870018638684
"69","EEF1G","ENSG00000254772","eukaryotic translation elongation factor 1 gamma [Source:HGNC Symbol;Acc:HGNC:3213]",284.448246817466,287.817203352473,743.296318490391,228.931856876335,271.720839789604,374.09056052251,360.793442854142,470.230968641744,362.677843434293
"70","EIF3D","ENSG00000100353","eukaryotic translation initiation factor 3 subunit D [Source:HGNC Symbol;Acc:HGNC:3278]",98.3629422067577,112.269040813524,156.560719296101,91.070101060439,91.3812109254412,92.2980101646566,94.2646962335535,117.227931248203,114.345408648782
"71","EIF3K","ENSG00000178982","eukaryotic translation initiation factor 3 subunit K [Source:HGNC Symbol;Acc:HGNC:24656]",87.5131892106723,79.8116262492056,130.330354194433,101.330255415016,90.5436581565562,91.1580324058525,79.1953042790949,108.910340150509,110.149007850716
"72","EIF4B","ENSG00000063046","eukaryotic translation initiation factor 4B [Source:HGNC Symbol;Acc:HGNC:3285]",136.997959101914,93.5040964234793,280.403162078664,82.4276470294641,102.859655248252,104.149194134848,195.551141276876,237.718269057192,185.223442246631
"73","ELP3","ENSG00000134014","elongator acetyltransferase complex subunit 3 [Source:HGNC Symbol;Acc:HGNC:20696]",10.8349353865311,15.761313264683,10.7199960962767,14.960908290323,14.0090126693005,10.9753977165924,12.9071045206306,9.20423322817876,12.5898471746267
"74","EMC8","ENSG00000131148","ER membrane protein complex subunit 8 [Source:HGNC Symbol;Acc:HGNC:7864]",12.4186432183755,11.0263701561508,10.4142495689577,14.9787873746913,14.8112563411865,12.0683934912829,9.3635737077236,11.514181096656,9.22286172918298
"75","RBM33-DT","ENSG00000216895","RBM33 divergent transcript [Source:HGNC Symbol;Acc:HGNC:56024]",2.79132359762668,6.67880459488882,1.8915840037573,2.88119207424608,8.60256220044634,2.00525818762136,1.39384391106113,2.7905980424277,1.37747411746087
"76","FKTN-AS1","ENSG00000228317","FKTN antisense RNA 1 [Source:HGNC Symbol;Acc:HGNC:55797]",0.123074446448989,1.47408490456536,0,0,0.120387265411056,0,0,0.233301279114605,0
"77","EPC2","ENSG00000135999","enhancer of polycomb homolog 2 [Source:HGNC Symbol;Acc:HGNC:24543]",15.9716324102992,12.1364651313503,21.6247902987189,15.2133694373129,15.0377324873138,11.7850459049463,18.2319502959472,15.9291860804864,16.1080558222947
"78","EPRS1","ENSG00000136628","glutamyl-prolyl-tRNA synthetase 1 [Source:HGNC Symbol;Acc:HGNC:3418]",27.5016060768757,35.897438512945,30.4242926491739,40.3556562962865,36.1144345602034,38.9979157459885,27.0363647677351,24.8506529452497,29.9522239419698
"79","ESYT1","ENSG00000139641","extended synaptotagmin 1 [Source:HGNC Symbol;Acc:HGNC:29534]",71.9340900070963,84.807739007711,69.7442208577921,75.5194826909198,71.7740854946317,69.6819284848885,55.9685804466514,61.8680971763259,63.6047575894201
"80","ETFDH","ENSG00000171503","electron transfer flavoprotein dehydrogenase [Source:HGNC Symbol;Acc:HGNC:3483]",18.2698852269626,16.5444677686537,20.5215603559194,12.4522527307799,17.6850045048292,11.6302130619293,14.318302681276,20.7074746718611,15.2046978979766
"81","ETFRF1","ENSG00000205707","electron transfer flavoprotein regulatory factor 1 [Source:HGNC Symbol;Acc:HGNC:27052]",12.5654218605091,11.4413935259594,17.5420714018516,15.7425147860652,12.5991180332603,12.2605301113986,13.2590673795083,20.3865677542293,13.9040864073324
"82","FAAP100","ENSG00000185504","FA core complex associated protein 100 [Source:HGNC Symbol;Acc:HGNC:26171]",24.7020804320057,29.866991140155,18.1398736985495,28.5635436994612,31.2710981138448,25.2829320145073,20.5549346709601,22.1342082989651,15.0562859607057
"83","FAF1","ENSG00000185104","Fas associated factor 1 [Source:HGNC Symbol;Acc:HGNC:3578]",13.0411118918089,11.2903930272149,10.6318001975954,14.2629835022596,12.4543298680985,11.5733607721122,12.5223574313866,11.5702282999258,14.1074646375179
"84","FAM174B","ENSG00000185442","family with sequence similarity 174 member B [Source:HGNC Symbol;Acc:HGNC:34339]",3.45192505300142,19.5070674547819,4.15776419210235,3.53976168774351,11.7608560846092,5.61773413692293,4.83264569846532,4.71006076037708,2.36105107391799
"85","FAM229B","ENSG00000203778","family with sequence similarity 229 member B [Source:HGNC Symbol;Acc:HGNC:33858]",11.5130990335866,44.1969453215389,16.9806967891205,14.1714177460406,28.5874545033338,7.89904956314885,12.7741025891133,14.5302752211759,8.36616272620791
"86","FAM230G","ENSG00000188280","family with sequence similarity 230 member G [Source:HGNC Symbol;Acc:HGNC:52423]",0,0,0,0,0,0,0,0,0
"87","FKBP15","ENSG00000119321","FKBP prolyl isomerase family member 15 [Source:HGNC Symbol;Acc:HGNC:23397]",15.5951904204686,17.5418880325211,15.8674275641327,13.0658654932711,16.8481542545791,20.1405834986719,14.0009100352689,14.188894411512,13.3299860111607
"88","FKTN","ENSG00000106692","fukutin [Source:HGNC Symbol;Acc:HGNC:3622]",6.63281167039195,12.1112965466243,6.18936554089968,7.7652602453627,9.89276957671781,6.37688251076576,7.48961166540209,4.70121538553505,6.38303804219072
"89","GGCX","ENSG00000115486","gamma-glutamyl carboxylase [Source:HGNC Symbol;Acc:HGNC:4247]",35.7655856476168,24.0170551522946,20.6405288653031,36.6929447893524,32.8221495657037,47.7766803840934,48.6959087597985,26.4880035565613,21.1103452354109
"90","GNL3","ENSG00000163938","G protein nucleolar 3 [Source:HGNC Symbol;Acc:HGNC:29931]",45.9687137712746,39.9942899343137,40.9422240709087,60.3288110430047,60.0526003665728,67.8010139677426,35.812809185278,67.1731899281713,26.0599461736284
"91","GOLGA7","ENSG00000147533","golgin A7 [Source:HGNC Symbol;Acc:HGNC:24876]",38.0138361293359,23.1534309405474,39.6914267474901,35.7964837656362,33.4071255247054,34.8490507682931,39.6485773943422,32.1917101667874,37.1592877997364
"92","HAX1","ENSG00000143575","HCLS1 associated protein X-1 [Source:HGNC Symbol;Acc:HGNC:16915]",64.6866154980117,65.3549166038907,83.717522952295,70.8654878613474,59.5729818847776,51.0906729293254,55.3699804402976,73.4016165205819,57.7252109325042
"93","HM13","ENSG00000101294","histocompatibility minor 13 [Source:HGNC Symbol;Acc:HGNC:16435]",20.6109575532514,20.8585593644582,22.098074506102,29.4511834771097,32.6570802875343,40.2781087742528,17.5586385393224,26.6897363210946,15.9140738024399
"94","HS2ST1","ENSG00000153936","heparan sulfate 2-O-sulfotransferase 1 [Source:HGNC Symbol;Acc:HGNC:5193]",8.2060951584076,5.74899396177357,7.71567668670558,9.48102030680271,7.49520516351026,13.7703841331051,9.34550390591337,6.56900592417772,8.74027501494113
"95","IFT122","ENSG00000163913","intraflagellar transport 122 [Source:HGNC Symbol;Acc:HGNC:13556]",16.9004741658808,39.7214328582686,14.9031496298018,14.7671485979543,29.3814016600249,12.8085194816005,14.5055560973075,24.207053573446,11.9104098029704
"96","IPO8","ENSG00000133704","importin 8 [Source:HGNC Symbol;Acc:HGNC:9853]",24.4327298686964,16.8208177506914,22.3430537765666,23.7496232681724,18.7662471290294,16.9232359168404,20.4878301026824,15.8031973931127,20.8261082288251
"97","ITFG1","ENSG00000129636","integrin alpha FG-GAP repeat containing 1 [Source:HGNC Symbol;Acc:HGNC:30697]",13.503040821529,12.4997309223539,11.7083645306852,15.8429613622112,13.4721871616075,15.8223545014594,16.6501920385827,13.7550470746558,18.9574674428263
"98","KIAA2013","ENSG00000116685","KIAA2013 [Source:HGNC Symbol;Acc:HGNC:28513]",49.3511275080511,53.2734628957274,33.0435223072933,50.9605774706025,49.7322325178177,36.6917529126551,37.1873392206761,31.8341053040456,43.3281479884197
"99","KIFBP","ENSG00000198954","kinesin family binding protein [Source:HGNC Symbol;Acc:HGNC:23419]",12.9860465432513,10.9006110172478,8.08653202081497,12.6787642289999,12.6885837983419,13.8715065274706,13.5212443008182,6.65347101309212,13.1817193077073
"100","KLHDC9","ENSG00000162755","kelch domain containing 9 [Source:HGNC Symbol;Acc:HGNC:28489]",8.71417169296351,50.4280589234328,6.12008807317975,9.54262091351794,28.7957939751705,3.89288430990068,5.34907860228881,8.08816199009556,7.14921359186603
"101","KLRC2","ENSG00000205809","killer cell lectin like receptor C2 [Source:HGNC Symbol;Acc:HGNC:6375]",0.673502124230192,3.46452565656604,0.102516533999495,1.28537667205317,1.41894743514512,0.322347730729106,0.99147492746278,0.540141487102894,0.173613412511474
"102","LEO1","ENSG00000166477","LEO1 homolog, Paf1/RNA polymerase II complex component [Source:HGNC Symbol;Acc:HGNC:30401]",7.9428269295825,12.296650469137,12.390150595182,12.7327867475825,15.9074313065043,17.1089586153141,10.6726612661396,6.48419060855367,9.49574314984021
"103","LINC02482","ENSG00000251580","long intergenic non-protein coding RNA 2482 [Source:HGNC Symbol;Acc:HGNC:53458]",5.52085135374257,16.7147372245355,10.1962653199688,9.30076178053572,9.18052746017342,3.4350657466559,2.51560750891453,3.83730847946558,6.62950220986499
"104","LINS1","ENSG00000140471","lines homolog 1 [Source:HGNC Symbol;Acc:HGNC:30922]",7.07812358839687,3.99004254907016,5.58270301715839,7.53929366542359,6.27022931412373,3.5178819292148,4.94225917506626,3.36379115116743,5.50392962223194
"105","LRRCC1","ENSG00000133739","leucine rich repeat and coiled-coil centrosomal protein 1 [Source:HGNC Symbol;Acc:HGNC:29373]",5.6730880577385,5.05015958666742,8.90480068915082,8.11542589075968,7.15399839176257,4.34749852567409,6.35764130025245,3.15352855333915,6.33275059920371
"106","LSM4","ENSG00000130520","LSM4 homolog, U6 small nuclear RNA and mRNA degradation associated [Source:HGNC Symbol;Acc:HGNC:17259]",26.2028706420987,46.3947824660914,28.7913573568919,42.8314609380827,43.1860797705103,32.9759615328567,22.3368893702302,25.2240351918003,19.7826866483723
"107","MAP4K1","ENSG00000104814","mitogen-activated protein kinase kinase kinase kinase 1 [Source:HGNC Symbol;Acc:HGNC:6863]",2.23962490029385,5.23546256991439,1.924305105244,2.74400599613956,2.80566587737387,1.4493707352146,3.38375619691383,2.55099869410831,2.50173721312386
"108","MBD4","ENSG00000129071","methyl-CpG binding domain 4, DNA glycosylase [Source:HGNC Symbol;Acc:HGNC:6919]",31.4249842113367,24.7826864257981,32.2821694123947,23.8582830799392,29.8560776941901,24.3738766094872,27.7311496806107,36.934873717565,24.9700163063806
"109","MCM8-AS1","ENSG00000278719","MCM8 antisense RNA 1 [Source:HGNC Symbol;Acc:HGNC:51230]",0.869033298883452,0.946233545046536,0.0781649463200628,0.508174425223389,0.695502828351358,0.210666726506146,0.791959990259835,0.449277030889062,0.529494415777619
"110","MCTS1","ENSG00000232119","MCTS1 re-initiation and release factor [Source:HGNC Symbol;Acc:HGNC:23357]",11.579192712386,15.3822431148384,15.1397262982148,16.0231677333478,19.0379496444418,17.0807126416626,11.1509600948557,14.3476997247247,9.37969868611846
"111","MED29","ENSG00000063322","mediator complex subunit 29 [Source:HGNC Symbol;Acc:HGNC:23074]",41.0878984913153,40.8682832726351,35.9637223748516,50.7257837193241,35.2585576960598,27.0533980364866,44.5672504226001,38.9049502131561,36.4921925044302
"112","MEF2C","ENSG00000081189","myocyte enhancer factor 2C [Source:HGNC Symbol;Acc:HGNC:6996]",8.36389019549036,3.9629852009303,11.7852458056501,9.62221187447806,6.63032224165971,7.55173158406427,8.86837783176707,8.06509919065313,10.9921216425869
"113","MKS1","ENSG00000011143","MKS transition zone complex subunit 1 [Source:HGNC Symbol;Acc:HGNC:7121]",11.7308840208279,42.7667165942594,14.3950006536839,9.04714610863881,24.2907138976426,6.34763953394867,8.08728539877491,14.692431240406,8.79081807567678
"114","MPC1","ENSG00000060762","mitochondrial pyruvate carrier 1 [Source:HGNC Symbol;Acc:HGNC:21606]",40.1360417799097,30.7843149480044,43.0898676039347,50.4059067006185,42.5027006923256,32.8621924593529,40.1013220800109,51.2293995027607,47.765165520308
"115","MPC1-DT","ENSG00000261420","MPC1 divergent transcript [Source:HGNC Symbol;Acc:HGNC:55366]",0.996857878909263,2.65323269089862,0.704487856656067,1.09049829722885,1.95018539604144,0.0843868753690063,0.259556569379446,0.629884932670667,0.159074881023655
"116","MRFAP1","ENSG00000179010","Morf4 family associated protein 1 [Source:HGNC Symbol;Acc:HGNC:24549]",262.669145713606,155.491713222921,295.07393830652,298.135449139629,199.138220994975,217.797153808785,249.316191011434,276.627567392936,240.299174341637
"117","MRFAP1L1","ENSG00000178988","Morf4 family associated protein 1 like 1 [Source:HGNC Symbol;Acc:HGNC:28796]",68.6115198239152,55.8230769268261,68.5181011468883,74.7993791669489,65.6150909657111,40.4354810065178,57.2996923811869,55.4750309633767,63.7186111160877
"118","MRPL15","ENSG00000137547","mitochondrial ribosomal protein L15 [Source:HGNC Symbol;Acc:HGNC:14054]",28.4296804443829,31.95511189598,24.708851784294,50.2111929321659,41.5858653545703,51.4091079882355,27.988087304051,14.6471479377632,37.8570168368613
"119","MRPS12","ENSG00000128626","mitochondrial ribosomal protein S12 [Source:HGNC Symbol;Acc:HGNC:10380]",14.2352474131342,17.1365807853729,15.6610980203618,20.8028826290391,21.7901511901778,20.5089233213744,13.2368200831323,10.9173899404334,13.7466962366697
"120","MRPS16","ENSG00000182180","mitochondrial ribosomal protein S16 [Source:HGNC Symbol;Acc:HGNC:14048]",30.6859746539301,54.7080355961474,29.4254374333948,49.601076966433,46.6280905775072,43.9024984324024,32.903858101211,23.894468174487,31.7157963755459
"121","MT-ND6","ENSG00000198695","mitochondrially encoded NADH:ubiquinone oxidoreductase core subunit 6 [Source:HGNC Symbol;Acc:HGNC:7462]",12018.0661457201,11011.32321821,536.682159175283,10312.4508145332,6883.67366762661,11233.2320500373,12518.2264604407,1403.43162122321,17250.0058632607
"122","MT-RNR1","ENSG00000211459","mitochondrially encoded 12S rRNA [Source:HGNC Symbol;Acc:HGNC:7470]",994.031408161856,2495.34349376889,1108.08348515347,657.220507863504,1064.13812037271,1254.30652446412,1389.26121088782,1849.26821356588,1769.07608723819
"123","MT-TE","ENSG00000210194","mitochondrially encoded tRNA-Glu (GAA/G) [Source:HGNC Symbol;Acc:HGNC:7479]",4158.74797457838,2579.24979673501,56.791931215416,3080.98578742006,1677.82161534709,3100.27840719818,3259.63428012118,52.2713206445252,5162.49861165573
"124","MT-TF","ENSG00000210049","mitochondrially encoded tRNA-Phe (UUU/C) [Source:HGNC Symbol;Acc:HGNC:7481]",100.629827679672,264.196846357911,15.1507886092494,48.24487339988,67.4049994631788,155.55710208867,143.538438593163,90.1939459123556,296.900942728601
"125","MT-TP","ENSG00000210196","mitochondrially encoded tRNA-Pro (CCN) [Source:HGNC Symbol;Acc:HGNC:7494]",509.358075975783,726.107849430557,166.101660414638,383.047148945432,430.092357685806,780.630718468683,607.810234663695,388.599304827591,964.442931608594
"126","MTCO3P12","ENSG00000198744","MT-CO3 pseudogene 12 [Source:HGNC Symbol;Acc:HGNC:52042]",181.017310839804,258.468795917136,105.070263967095,184.732883612521,251.362887931665,233.333875743812,196.66194765608,283.795651662574,219.330235774254
"127","MYO9A","ENSG00000066933","myosin IXA [Source:HGNC Symbol;Acc:HGNC:7608]",8.60843556349211,5.79055481757134,8.89270317450576,8.31907245520755,5.9974827825274,5.70550776787598,6.91545095798109,7.43952081857833,7.03525214445752
"128","MZF1","ENSG00000099326","myeloid zinc finger 1 [Source:HGNC Symbol;Acc:HGNC:13108]",34.088678621768,91.0662343116554,31.7633790786776,27.4847424131789,67.8354622230455,19.023836154776,24.4123084651277,30.4612982826875,16.9485001805874
"129","NAA30","ENSG00000139977","N-alpha-acetyltransferase 30, NatC catalytic subunit [Source:HGNC Symbol;Acc:HGNC:19844]",9.73159763559785,6.21880973600089,7.68060222239064,8.17779392610286,8.36769361713042,5.70050820341924,8.85002094956375,7.04037595797748,9.92119664670505
"130","NAALADL2","ENSG00000177694","N-acetylated alpha-linked acidic dipeptidase like 2 [Source:HGNC Symbol;Acc:HGNC:23219]",0.914184528655823,2.86850248991266,0.85926233220707,1.10256502353132,0.955702348816827,0.970014466885139,1.23924639869207,1.01810124112741,1.21104998997092
"131","NBR1","ENSG00000188554","NBR1 autophagy cargo receptor [Source:HGNC Symbol;Acc:HGNC:6746]",43.9257019062546,42.2006276243971,47.6649191672682,27.5260297663375,38.0409292174478,27.9563226213549,40.3162842247245,41.711839929734,46.638465043488
"132","NBR2","ENSG00000198496","neighbor of BRCA1 lncRNA 2 [Source:HGNC Symbol;Acc:HGNC:20691]",6.74337575338493,11.2052606217623,11.0341979064977,5.10702828511373,10.3291239862582,4.84121384333088,4.52457294574107,7.19911425569413,5.15278147529582
"133","NCOA5","ENSG00000124160","nuclear receptor coactivator 5 [Source:HGNC Symbol;Acc:HGNC:15909]",48.8148418744248,39.9838282016257,42.8325699712907,41.5540810776335,49.6127510837307,35.028729894633,35.7598555274465,29.7169315617563,32.8338952796108
"134","NDFIP2","ENSG00000102471","Nedd4 family interacting protein 2 [Source:HGNC Symbol;Acc:HGNC:18537]",6.46228735978958,11.8089528572178,5.90068490339529,5.37690828394095,11.7932670991062,8.03022082325359,6.88533213714357,6.36877238425896,5.49475130328698
"135","NDUFAB1","ENSG00000004779","NADH:ubiquinone oxidoreductase subunit AB1 [Source:HGNC Symbol;Acc:HGNC:7694]",39.8978125206591,48.8327476759891,47.5903855953301,61.8175131743306,63.1453779693252,49.8299224874272,37.3766867334931,38.3214119475176,35.2959322887312
"136","NDUFS5","ENSG00000168653","NADH:ubiquinone oxidoreductase subunit S5 [Source:HGNC Symbol;Acc:HGNC:7712]",256.362949011215,214.997614608688,348.146242999269,487.685166235595,322.987170119154,403.715743222938,275.857479765875,345.870210618055,404.379378302057
"137","NEURL4","ENSG00000215041","neuralized E3 ubiquitin protein ligase 4 [Source:HGNC Symbol;Acc:HGNC:34410]",32.7757822928766,32.0099408500991,25.541479371006,25.8268738635777,32.9712427977924,15.7747381382665,21.4037835128014,25.6489611272957,18.8647081879886
"138","NOL6","ENSG00000165271","nucleolar protein 6 [Source:HGNC Symbol;Acc:HGNC:19910]",27.5347086243311,20.4739560991359,18.2267922905356,28.8421252722918,27.0621440660493,27.1742598917278,15.0987563454119,20.1153026493231,15.0371012448851
"139","NSUN5","ENSG00000130305","NOP2/Sun RNA methyltransferase 5 [Source:HGNC Symbol;Acc:HGNC:16385]",19.7220852196759,27.0634619492933,15.4392482634969,23.3484437531994,25.1434481124912,14.416313669879,16.0865265018407,15.9761148765224,15.5507577892088
"140","NSUN6","ENSG00000241058","NOP2/Sun RNA methyltransferase 6 [Source:HGNC Symbol;Acc:HGNC:23529]",10.6566004403859,23.8209606177173,16.7378903319776,8.38475349415082,20.5221053254104,7.85401048960411,10.2375205373268,13.1515425887396,5.78449565218065
"141","NUDT9","ENSG00000170502","nudix hydrolase 9 [Source:HGNC Symbol;Acc:HGNC:8056]",28.3663793184454,22.9323444159198,39.2626895139684,25.5281267468521,25.0749205598522,24.6932853502054,22.9165734127628,38.3521584036217,15.0189369845873
"142","PAF1","ENSG00000006712","PAF1 homolog, Paf1/RNA polymerase II complex component [Source:HGNC Symbol;Acc:HGNC:25459]",57.5754992327659,68.8836800288964,56.3887430627711,58.2292084176604,52.645468483179,46.4674368205088,60.8780788682818,55.7842770988195,47.528152074242
"143","PARG","ENSG00000227345","poly(ADP-ribose) glycohydrolase [Source:HGNC Symbol;Acc:HGNC:8605]",7.64638091893208,9.43023472189486,7.92480390740044,8.91853688707164,9.87877385541214,7.5098231508931,6.84404807832481,6.07049564362611,7.15436873757315
"144","PARGP1","ENSG00000239883","poly(ADP-ribose) glycohydrolase pseudogene 1 [Source:HGNC Symbol;Acc:HGNC:45008]",3.60029134433339,4.19637207041718,4.59008690375338,3.84121408921079,2.9071614282353,1.91149138164729,3.76542769255944,3.59559082421385,2.46966969922786
"145","PBRM1","ENSG00000163939","polybromo 1 [Source:HGNC Symbol;Acc:HGNC:30064]",16.6839434038858,19.6952213325838,12.3205249819866,20.7345136773037,17.1852260215494,15.1227679168901,16.8463882011941,13.3428080309873,16.181164785494
"146","PCNX4","ENSG00000126773","pecanex 4 [Source:HGNC Symbol;Acc:HGNC:20349]",6.38417003834832,12.3959191585085,7.71080422005985,5.68514827375337,10.2701118833881,7.92941071496584,7.18897825260251,4.61501937305278,5.14188154804336
"147","PCNX4-DT","ENSG00000258553","PCNX4 divergent transcript [Source:HGNC Symbol;Acc:HGNC:55447]",0,0.948577072183161,0,0,0.796828997982966,0,0.123728015007218,0.128682785945206,0
"148","PDPR","ENSG00000090857","pyruvate dehydrogenase phosphatase regulatory subunit [Source:HGNC Symbol;Acc:HGNC:30264]",19.2186940368736,28.9523546988807,13.228986260176,19.2543965734211,29.7786160592379,35.8402964051574,15.1971600214355,32.5683306317981,20.7432878967119
"149","PDPR2P","ENSG00000214331","pyruvate dehydrogenase phosphatase regulatory subunit 2, pseudogene [Source:HGNC Symbol;Acc:HGNC:27556]",4.48350434476436,6.6820946464134,7.68762865075604,4.45547749435391,8.19573733749147,6.27531491380429,3.43878552054545,7.36450104851933,3.87514388851042
"150","PDSS2","ENSG00000164494","decaprenyl diphosphate synthase subunit 2 [Source:HGNC Symbol;Acc:HGNC:23041]",5.8353776959366,6.3178643218254,8.92442202192447,9.28835674467783,8.88121326890949,8.65053599427122,7.55314465123536,5.94326986213158,5.91619984791314
"151","PHAF1","ENSG00000125149","phagosome assembly factor 1 [Source:HGNC Symbol;Acc:HGNC:29564]",12.264157102795,13.2284189875216,11.4513546428836,11.0901537879293,14.5433871298806,9.44295501530717,10.8323928994652,9.81009389450513,9.79469244796817
"152","PHKB","ENSG00000102893","phosphorylase kinase regulatory subunit beta [Source:HGNC Symbol;Acc:HGNC:8927]",12.1068630715837,12.9034175489801,13.323810825315,11.7287067545918,11.3991526457066,11.9991112862922,10.4105266749958,10.3729079878241,9.81262728488052
"153","PIGK","ENSG00000142892","phosphatidylinositol glycan anchor biosynthesis class K [Source:HGNC Symbol;Acc:HGNC:8965]",8.11393905470049,7.04401618848106,10.7735058853286,10.2519262085905,10.1414424547689,10.7430477338083,11.348235685175,6.90270056064941,13.6661279340079
"154","PKN2","ENSG00000065243","protein kinase N2 [Source:HGNC Symbol;Acc:HGNC:9406]",21.0786536940456,23.3874281465218,24.9547569379546,18.1794114047618,25.5086948126222,15.7032999996155,20.153261111096,18.2175419643386,19.1119116952524
"155","PPP5C","ENSG00000011485","protein phosphatase 5 catalytic subunit [Source:HGNC Symbol;Acc:HGNC:9322]",23.1142667467438,39.0910582969667,27.8325564086717,27.6694099529516,38.5686757722289,20.5158970931825,18.8987137471431,25.0777392425815,19.2078806190393
"156","PSMB6","ENSG00000142507","proteasome 20S subunit beta 6 [Source:HGNC Symbol;Acc:HGNC:9543]",73.8520625357202,55.5647549851757,67.1785608194054,114.14010707848,83.3089853489705,97.4884039958753,57.1360250958886,67.9640622310772,66.0501317112239
"157","PSMD8","ENSG00000099341","proteasome 26S subunit, non-ATPase 8 [Source:HGNC Symbol;Acc:HGNC:9566]",65.6045463077377,68.2757277784578,56.9156609130531,90.1852838747999,76.0622251693512,86.613493058292,62.749270492788,56.3961323416443,59.969846886083
"158","RAD52","ENSG00000002016","RAD52 homolog, DNA repair protein [Source:HGNC Symbol;Acc:HGNC:9824]",12.6591320786301,18.6473499478717,29.689191950982,5.60338105483193,24.004013977106,5.89789740586188,8.19203482656385,23.3995058097366,6.56827397166098
"159","RALGAPA1","ENSG00000174373","Ral GTPase activating protein catalytic subunit alpha 1 [Source:HGNC Symbol;Acc:HGNC:17770]",7.35857954715112,6.32797831068399,6.77934260966742,5.75582408866982,6.07906718089937,4.69614322698077,5.49977882165906,7.10872662736892,4.84608270245987
"160","RBM33","ENSG00000184863","RNA binding motif protein 33 [Source:HGNC Symbol;Acc:HGNC:27223]",22.3718921800432,21.6800693101436,25.6276502420715,14.4441631420045,16.7003594454404,10.1135215379039,15.2517485206431,28.2778756254584,19.921778823318
"161","RIOK2","ENSG00000058729","RIO kinase 2 [Source:HGNC Symbol;Acc:HGNC:18999]",8.89236363083727,5.79017710582343,6.87084368928569,8.61223309540449,8.20116911991629,9.49737318924906,7.6535064753829,5.81949305686773,8.93976545111565
"162","RNF111","ENSG00000157450","ring finger protein 111 [Source:HGNC Symbol;Acc:HGNC:17384]",10.1225090187879,11.3229912958386,11.0851195311233,7.81098676180692,11.1709189367694,6.64234349809586,8.45602844912722,10.2399313475975,7.83711276743544
"163","RNF139","ENSG00000170881","ring finger protein 139 [Source:HGNC Symbol;Acc:HGNC:17023]",40.009268967279,18.2297441353634,18.3837584749161,38.3241490472041,21.6076414504892,33.4660220162474,42.2275466685302,24.8626580916,36.8200611279613
"164","RNF139-DT","ENSG00000245149","RNF139 divergent transcript [Source:HGNC Symbol;Acc:HGNC:48940]",2.80752612747189,5.43691330498611,1.30587135005752,3.073210479998,4.19045824480571,1.2427708492699,0.897014743396708,2.76700424590692,1.16198209217855
"165","RPS16","ENSG00000105193","ribosomal protein S16 [Source:HGNC Symbol;Acc:HGNC:10396]",481.98114006298,367.84841180902,808.742460579857,443.88225853534,438.976554138903,430.532890465516,516.45109680197,743.389430102243,509.120348402793
"166","RPS6KL1","ENSG00000198208","ribosomal protein S6 kinase like 1 [Source:HGNC Symbol;Acc:HGNC:20222]",5.92365050375612,1.4653762501469,2.22932748239588,3.28845151743471,3.71993014952636,2.14779387951789,1.75607040126039,3.27591199383787,2.47707386611734
"167","SARS2","ENSG00000104835","seryl-tRNA synthetase 2, mitochondrial [Source:HGNC Symbol;Acc:HGNC:17697]",9.75857323985785,21.0633851918264,11.3197164044345,16.2337428967602,21.4186122055576,9.74217877054853,8.542632493906,11.4590208731077,8.17549374605449
"168","SELENOF","ENSG00000183291","selenoprotein F [Source:HGNC Symbol;Acc:HGNC:17705]",82.2759989920815,82.2669752302513,96.0177754575985,125.35045100333,116.240287626506,152.400931332728,105.50240184082,94.6069968019299,91.6988399751938
"169","SENP8","ENSG00000166192","SUMO peptidase family member, NEDD8 specific [Source:HGNC Symbol;Acc:HGNC:22992]",0.884086002682403,2.55432976897049,0.951436153070211,1.01192666437319,1.53233489353145,0.758251552396963,1.04596752930408,0.646832106384852,0.558747739677057
"170","SFR1","ENSG00000156384","SWI5 dependent homologous recombination repair protein 1 [Source:HGNC Symbol;Acc:HGNC:29574]",4.71445768654765,5.21881917417453,6.61503211274226,5.27733771990501,6.4142095831013,5.18094432177219,10.5065023251273,5.32144509737649,4.8114006232795
"171","SLC31A1","ENSG00000136868","solute carrier family 31 member 1 [Source:HGNC Symbol;Acc:HGNC:11016]",7.99775057041483,6.53117080009885,6.74395631064556,12.3599846324834,10.1493250760577,20.2224991234395,8.90349402316426,8.16893485001256,7.75358956366889
"172","SNORD13","ENSG00000239039","small nucleolar RNA, C/D box 13 [Source:HGNC Symbol;Acc:HGNC:32711]",0,0,0,0,0.730426581484386,0,1.3610081650794,0,0
"173","SOX2-OT","ENSG00000242808","SOX2 overlapping transcript [Source:HGNC Symbol;Acc:HGNC:20209]",0.085024396515164,0.280699748158245,0.129419138003405,0.0300497762214316,0.0831679920975989,0.0174402385173944,0.0596028504161436,0.111581435412822,0.06575202257572
"174","SUGT1P1","ENSG00000226823","SUGT1 pseudogene 1 [Source:HGNC Symbol;Acc:HGNC:19384]",3.58932660841359,2.44261442957128,3.38982980438037,1.49920606240874,1.27671200797271,2.46530228756597,1.0407709497666,0.618542466896286,1.91357724525515
"175","SUPT5H","ENSG00000196235","SPT5 homolog, DSIF elongation factor subunit [Source:HGNC Symbol;Acc:HGNC:11469]",52.3443463726981,59.9616608859203,45.4219258179539,40.0787754017269,53.9854126149015,36.3350108396161,36.9473687167144,54.4231462192774,41.6278986447965
"176","TAF13","ENSG00000197780","TATA-box binding protein associated factor 13 [Source:HGNC Symbol;Acc:HGNC:11546]",20.302536506863,8.58171869589378,13.9402715193471,23.2436907915851,17.5803243497842,35.1059045749394,27.6012455878103,13.406907969977,18.1707827845871
"177","TAF5","ENSG00000148835","TATA-box binding protein associated factor 5 [Source:HGNC Symbol;Acc:HGNC:11539]",6.15481447635001,3.8186903187398,5.26661440027762,3.23182584714109,6.02043157859958,2.72480779152028,4.87264245147766,7.09487893868032,4.81790501039148
"178","TAFAZZIN","ENSG00000102125","tafazzin, phospholipid-lysophospholipid transacylase [Source:HGNC Symbol;Acc:HGNC:11577]",37.2754723485069,33.1163534973657,42.6740870438327,27.314448398046,37.5879592061306,20.9088548176533,24.1054985662528,46.2905862151226,19.7348546742179
"179","TBC1D23","ENSG00000036054","TBC1 domain family member 23 [Source:HGNC Symbol;Acc:HGNC:25622]",14.3809204244992,10.1989865655783,19.2833739310585,10.7982289284545,13.3907770967795,13.3702578397637,16.4469198772327,17.6467724190509,13.5587019285513
"180","TBC1D8","ENSG00000204634","TBC1 domain family member 8 [Source:HGNC Symbol;Acc:HGNC:17791]",17.2835302490708,37.6506667569486,15.8769209323129,13.858233206673,25.2458683924792,13.5080576419867,15.2929468048292,27.0501032654093,12.041256217904
"181","TCEA1","ENSG00000187735","transcription elongation factor A1 [Source:HGNC Symbol;Acc:HGNC:11612]",26.8423834501496,21.471696563927,30.8562809011185,29.5308618479249,23.7270347927893,23.0772396241283,26.8181803690255,26.691753624148,27.6014555226134
"182","TGDS","ENSG00000088451","TDP-glucose 4,6-dehydratase [Source:HGNC Symbol;Acc:HGNC:20324]",9.23880746174899,15.4485692219282,11.7524574446188,10.253666121392,14.7879643472714,8.42525864827489,10.9343259303405,10.8035883943801,7.76517672408288
"183","TIMM23","ENSG00000265354","translocase of inner mitochondrial membrane 23 [Source:HGNC Symbol;Acc:HGNC:17312]",37.9402663653513,33.1742486095424,31.1871739340265,64.5296566862314,47.4932687875805,59.1430457138167,36.2549409080726,27.4669299702619,37.6952794171701
"184","TIMM23B","ENSG00000204152","translocase of inner mitochondrial membrane 23 homolog B [Source:HGNC Symbol;Acc:HGNC:23581]",13.0619199982285,8.040379068649,7.84452761013677,15.9490799914129,9.74412005037809,11.4746268777285,7.43388360324129,10.8627472695866,7.87722570199926
"185","TMEM177","ENSG00000144120","transmembrane protein 177 [Source:HGNC Symbol;Acc:HGNC:28143]",5.01128900442625,12.6691275158506,5.13626453100601,8.244706477058,11.1539638718172,5.14779503941519,2.40648120687919,4.46531256144641,3.14246649626521
"186","TMTC3","ENSG00000139324","transmembrane O-mannosyltransferase targeting cadherins 3 [Source:HGNC Symbol;Acc:HGNC:26899]",5.93552427967992,5.50107750882566,5.63136459381982,5.87299191594179,5.45342646560964,5.80340301022763,6.85798027224396,3.69690346803905,5.90500634846716
"187","TOMM7","ENSG00000196683","translocase of outer mitochondrial membrane 7 [Source:HGNC Symbol;Acc:HGNC:21648]",192.398043761848,120.097580924241,320.201787476551,142.398376211235,128.501683365564,117.439060200144,166.967953145081,298.798048377588,178.835869542
"188","TRAPPC5","ENSG00000181029","trafficking protein particle complex subunit 5 [Source:HGNC Symbol;Acc:HGNC:23067]",9.19206980083762,12.5654968722218,8.37621024867882,12.23567943741,14.4451552131553,10.3865372792778,7.71518052442965,8.27083694093123,6.44992661886318
"189","TSEN2","ENSG00000154743","tRNA splicing endonuclease subunit 2 [Source:HGNC Symbol;Acc:HGNC:28422]",6.7971321601939,8.16566822751757,6.80637787202684,7.8451836844042,9.82563599077425,4.90885318738211,5.80716030203281,5.49418954581936,4.33973791353788
"190","TTC23","ENSG00000103852","tetratricopeptide repeat domain 23 [Source:HGNC Symbol;Acc:HGNC:25730]",13.1875430449775,9.30450160198696,16.771975093718,10.2028922143147,9.56350326987104,7.57875947218556,9.76171373574192,12.8464268006809,11.3021823242851
"191","TTI2","ENSG00000129696","TELO2 interacting protein 2 [Source:HGNC Symbol;Acc:HGNC:26262]",7.37604222156186,7.2702202671162,8.80831189971314,7.43708473971781,9.51803619302344,7.32466885249349,8.24728396385396,6.34599372242528,6.44144003068833
"192","TUBE1","ENSG00000074935","tubulin epsilon 1 [Source:HGNC Symbol;Acc:HGNC:20775]",20.2697771104185,14.717665627058,28.0656323342159,12.4753380535823,19.021049816759,6.35540999875031,15.8230617993198,29.841635869207,12.9320829062675
"193","TXNL1","ENSG00000091164","thioredoxin like 1 [Source:HGNC Symbol;Acc:HGNC:12436]",10.5375059977319,9.1453259956241,12.5407900758501,10.5356845367192,11.1815133758973,9.62903693978679,9.33985528898355,9.7725110940863,9.63428048013837
"194","UBR1","ENSG00000159459","ubiquitin protein ligase E3 component n-recognin 1 [Source:HGNC Symbol;Acc:HGNC:16808]",12.9694036790934,10.2667880475816,11.5857881670261,13.7937226276278,11.7603976830294,10.568419153788,9.85168118203728,10.8319072071033,9.85623348241007
"195","USP48","ENSG00000090686","ubiquitin specific peptidase 48 [Source:HGNC Symbol;Acc:HGNC:18533]",19.6909783624327,18.3639749680309,17.3138195617364,15.6295034039133,16.8134246735957,14.2679661928794,16.4392933171094,21.2596374030625,15.3936479291358
"196","UTP14A","ENSG00000156697","UTP14A small subunit processome component [Source:HGNC Symbol;Acc:HGNC:10665]",11.5910411506436,8.40174895252977,16.2809148944092,12.4669970441518,12.2858930554349,14.0860628870175,10.0608707324147,11.148142073415,12.0508077167548
"197","UTP25","ENSG00000117597","UTP25 small subunit processome component [Source:HGNC Symbol;Acc:HGNC:28440]",4.82755246072729,6.17050482498792,4.71709932557633,5.68091598683132,6.08388462588729,4.38413240267611,4.68587660845187,2.70987889939971,4.66517444062974
"198","VAMP8","ENSG00000118640","vesicle associated membrane protein 8 [Source:HGNC Symbol;Acc:HGNC:12647]",28.0831023272058,157.92152006168,12.8060237054369,27.2473887269777,94.5334313458903,74.536796031742,22.6614733264332,22.9741667174175,22.8701474402615
"199","WDR7","ENSG00000091157","WD repeat domain 7 [Source:HGNC Symbol;Acc:HGNC:13490]",2.48408995833278,3.1461280592123,3.31451945275168,4.10603251811535,3.33983761229257,2.89854452721851,3.58957881795378,3.17520305598098,3.37869411660635
"200","ZC3H10","ENSG00000135482","zinc finger CCCH-type containing 10 [Source:HGNC Symbol;Acc:HGNC:25893]",4.24817683759588,5.71451723636564,5.46495246030698,4.08916247126277,4.91829769990053,2.31617247054875,3.39480202990977,3.98296331885413,4.33539192521417
"201","ZC3H15","ENSG00000065548","zinc finger CCCH-type containing 15 [Source:HGNC Symbol;Acc:HGNC:29528]",36.2081870747097,23.910993655697,47.9949278841848,39.7801495456264,37.3136958298136,43.2946526533185,34.786062131591,42.279604365242,28.2107211804495
"202","ZEB1","ENSG00000148516","zinc finger E-box binding homeobox 1 [Source:HGNC Symbol;Acc:HGNC:11642]",29.5556809289082,8.02005856867791,41.0651428371572,34.930357351232,16.1325476924195,28.9759945632667,28.8653310904979,25.119831920354,29.2814926400534
"203","ZEB1-AS1","ENSG00000237036","ZEB1 antisense RNA 1 [Source:HGNC Symbol;Acc:HGNC:42354]",3.3650628994377,6.61616325052866,7.98245487042115,6.03533165671953,7.3366783752334,2.64870378899022,4.35977347999332,5.76402142213453,3.75322877077713
"204","ZMAT2","ENSG00000146007","zinc finger matrin-type 2 [Source:HGNC Symbol;Acc:HGNC:26433]",70.1597021170772,76.9989714222471,96.3420061548104,81.050455429586,74.2874469363104,70.4760808476365,71.5145195438963,75.068935419479,75.3307351316447
"205","ZNF330","ENSG00000109445","zinc finger protein 330 [Source:HGNC Symbol;Acc:HGNC:15462]",40.9429761527407,27.3554836825962,53.4459601334167,36.046920023269,35.8554196671247,41.4007467755755,38.9862291577398,48.819488599774,30.6066720118451
"206","ZNF862","ENSG00000106479","zinc finger protein 862 [Source:HGNC Symbol;Acc:HGNC:34519]",19.723607116683,33.9932343215146,16.7799926275512,10.0736688255137,22.8163429239763,7.72987782502298,13.2729778490519,14.3109301644031,11.7929021406282
"207","ZNHIT6","ENSG00000117174","zinc finger HIT-type containing 6 [Source:HGNC Symbol;Acc:HGNC:26089]",9.85004694328213,8.34285988352909,10.8242620895722,11.1816531421828,10.29692853937,11.773936824722,9.8101521248615,8.92020682976507,9.31251614691056
"208","ZZEF1","ENSG00000074755","zinc finger ZZ-type and EF-hand domain containing 1 [Source:HGNC Symbol;Acc:HGNC:29027]",21.5841713569212,13.3662093239581,11.6430128612979,15.9191927671787,11.7549088999586,12.3988650633498,14.909545297513,18.0840890187761,16.2879433616471
